날짜,서울,부산,대구,인천,광주,대전,울산,세종,경기,강원,충북,충남,전북,전남,경북,경남,제주
20200120,0,0,0,1,0,0,0,0,0,0,0,0,0,0,0,0,0
20200121,0,0,0,1,0,0,0,0,0,0,0,0,0,0,0,0,0
20200122,0,0,0,1,0,0,0,0,0,0,0,0,0,0,0,0,0
20200123,0,0,0,1,0,0,0,0,0,0,0,0,0,0,0,0,0
20200124,1,0,0,1,0,0,0,0,0,0,0,0,0,0,0,0,0
20200125,1,0,0,1,0,0,0,0,0,0,0,0,0,0,0,0,0
20200126,1,0,0,1,0,0,0,0,1,0,0,0,0,0,0,0,0
20200127,1,0,0,1,0,0,0,0,2,0,0,0,0,0,0,0,0
20200128,1,0,0,1,0,0,0,0,2,0,0,0,0,0,0,0,0
20200129,1,0,0,1,0,0,0,0,2,0,0,0,0,0,0,0,0
20200130,4,0,0,1,0,0,0,0,2,0,0,0,0,0,0,0,0
20200201,7,0,0,1,0,0,0,0,3,0,0,0,1,0,0,0,0
20200202,8,0,0,1,0,0,0,0,5,0,0,0,1,0,0,0,0
20200203,8,0,0,1,0,0,0,0,5,0,0,0,1,0,0,0,0
20200204,8,0,0,1,1,0,0,0,5,0,0,0,1,0,0,0,0
20200205,10,0,0,1,2,0,0,0,7,0,0,0,1,0,0,0,0
20200206,12,0,0,1,2,0,0,0,7,0,0,0,1,1,0,0,0
20200207,12,0,0,1,2,0,0,0,7,0,0,0,1,1,0,0,0
20200208,12,0,0,1,2,0,0,0,7,0,0,0,1,1,0,0,0
20200209,12,0,0,1,2,0,0,0,10,0,0,0,1,1,0,0,0
20200210,12,0,0,1,2,0,0,0,11,0,0,0,1,1,0,0,0
20200211,12,0,0,1,2,0,0,0,11,0,0,0,1,1,0,0,0
20200212,12,0,0,1,2,0,0,0,11,0,0,0,1,1,0,0,0
20200213,12,0,0,1,2,0,0,0,11,0,0,0,1,1,0,0,0
20200214,12,0,0,1,2,0,0,0,11,0,0,0,1,1,0,0,0
20200215,12,0,0,1,2,0,0,0,11,0,0,0,1,1,0,0,0
20200216,14,0,0,1,2,0,0,0,11,0,0,0,1,1,0,0,0
20200217,14,0,0,1,2,0,0,0,11,0,0,0,1,1,0,0,0
20200218,14,0,1,1,2,0,0,0,12,0,0,0,1,1,0,0,0
20200219,16,0,28,1,2,0,0,0,12,0,0,0,1,1,5,0,0
20200220,16,0,40,1,2,0,0,0,12,0,0,0,1,1,9,0,0
20200221,21,0,84,1,3,0,0,0,13,0,1,1,2,1,26,2,1
20200222,23,2,151,1,6,1,0,1,15,0,3,1,3,1,132,4,2
20200223,26,9,287,2,7,2,1,1,23,6,3,1,3,1,171,11,2
20200224,30,17,439,2,9,3,1,1,35,6,3,1,3,1,190,20,2
20200225,37,35,493,2,9,3,2,1,40,6,3,1,3,1,234,21,2
20200226,45,48,677,3,9,3,3,1,43,6,5,2,3,1,270,25,2
20200227,55,56,1017,3,9,8,6,1,55,6,7,7,3,1,323,36,2
20200228,62,61,1313,4,9,12,11,1,66,6,10,16,5,1,397,46,2
20200229,74,75,2055,6,9,13,17,1,76,7,10,48,5,2,472,59,2
20200301,82,79,2567,6,9,13,17,1,84,7,11,60,5,3,520,60,2
20200302,91,85,3084,7,9,14,20,1,92,19,11,77,6,4,628,62,2
20200303,98,87,3604,7,11,14,20,1,94,20,11,81,7,4,687,63,3
20200304,98,90,4002,8,13,15,23,1,103,21,11,82,7,4,782,65,3
20200305,103,90,4328,9,13,16,23,1,110,23,12,86,7,4,863,74,4
20200306,105,93,4695,9,13,18,23,1,120,25,15,90,7,4,985,77,4
20200307,108,94,5085,9,13,18,23,2,130,26,20,92,7,4,1050,82,4
20200308,120,95,5382,9,13,18,24,3,141,27,24,98,7,4,1082,83,4
20200309,130,95,5572,9,15,18,24,6,153,28,25,102,7,4,1107,83,4
20200310,141,95,5664,13,15,18,24,8,163,28,25,104,7,4,1117,83,4
20200311,194,97,5795,25,15,18,25,10,174,29,27,112,7,4,1135,84,4
20200312,213,99,5867,25,15,20,25,15,177,29,27,114,7,4,1143,85,4
20200313,225,100,5928,27,15,22,27,32,185,29,27,115,7,4,1147,85,4
20200314,238,103,5990,28,15,22,27,38,200,29,28,115,7,4,1153,85,4
20200315,247,106,6031,29,16,22,28,39,211,29,31,115,7,4,1157,85,4
20200316,253,107,6066,30,16,22,28,40,231,29,31,115,7,4,1164,85,4
20200317,265,107,6098,31,16,22,28,40,262,29,31,115,7,4,1169,86,4
20200318,270,107,6144,32,17,22,30,41,277,30,32,118,9,5,1178,86,4
20200319,282,107,6241,32,17,22,36,41,295,30,33,118,10,5,1190,86,4
20200320,299,108,6275,36,18,22,36,41,309,30,33,119,10,5,1203,87,4
20200321,314,108,6344,40,18,22,36,41,321,30,34,119,10,5,1243,87,4
20200322,324,108,6387,40,19,24,36,41,337,30,35,120,10,6,1254,88,4
20200323,330,109,6411,40,19,24,36,42,351,30,37,120,10,6,1256,89,4
20200324,334,111,6442,41,19,24,36,42,366,30,38,120,10,6,1257,90,4
20200325,347,112,6456,42,19,24,37,44,387,31,38,123,10,8,1262,90,6
20200326,360,112,6482,43,19,30,37,44,401,31,39,124,10,8,1274,90,6
20200327,372,113,6516,46,20,31,39,44,412,31,41,124,10,8,1283,91,7
20200328,390,114,6587,51,20,31,39,44,433,32,41,126,10,8,1285,91,8
20200329,410,117,6610,58,20,34,39,46,448,34,41,127,12,9,1287,94,8
20200330,426,118,6624,58,20,34,39,46,463,36,44,127,13,9,1298,95,9
20200401,474,122,6704,69,24,36,39,46,498,38,44,131,14,12,1302,100,9
20200402,488,122,6725,73,25,36,40,46,516,39,44,133,14,14,1304,106,9
20200403,506,122,6734,74,26,36,40,46,539,41,45,134,15,15,1309,107,9
20200404,528,122,6761,77,26,36,40,46,562,42,45,135,15,15,1310,108,9
20200405,552,122,6768,79,27,37,40,46,572,45,45,135,16,15,1314,109,12
20200406,563,122,6781,80,27,39,40,46,580,45,45,136,16,15,1316,111,12
20200407,567,123,6794,80,27,39,40,46,590,47,45,137,16,15,1317,112,12
20200408,578,125,6803,84,27,39,40,46,596,49,45,137,17,15,1320,113,12
20200409,590,125,6807,84,27,39,40,46,606,49,45,138,17,15,1320,115,12
20200410,595,126,6807,85,27,39,40,46,615,49,45,138,17,15,1327,115,12
20200411,599,126,6814,85,27,39,41,46,624,49,45,138,17,15,1330,115,12
20200412,602,126,6816,86,27,39,41,46,628,49,45,139,17,15,1333,115,12
20200413,610,126,6819,87,27,39,41,46,631,49,45,139,17,15,1337,115,12
20200414,612,126,6822,88,27,39,42,46,639,49,45,139,17,15,1342,115,12
20200415,617,127,6823,88,28,39,42,46,645,51,45,139,17,15,1348,115,13
20200416,619,130,6827,88,28,39,42,46,649,52,45,139,17,15,1352,115,13
20200417,621,130,6827,89,30,39,42,46,650,52,45,139,17,15,1356,116,13
20200418,622,130,6830,90,30,39,42,46,654,53,45,141,17,15,1358,116,13
20200419,624,130,6832,91,30,39,42,46,654,53,45,141,17,15,1359,116,13
20200420,624,132,6833,92,30,39,43,46,656,53,45,141,17,15,1361,116,13
20200421,626,132,6835,92,30,39,43,46,658,53,45,141,17,15,1361,116,13
20200422,628,134,6836,92,30,40,43,46,658,53,45,141,17,15,1363,117,13
20200423,628,135,6840,92,30,40,43,46,659,53,45,141,17,15,1363,117,13
20200424,628,136,6843,92,30,40,43,46,660,53,45,141,17,15,1363,117,13
20200425,629,136,6845,92,30,40,43,46,662,53,45,141,17,15,1364,117,13
20200426,629,137,6846,92,30,40,43,46,668,53,45,141,18,15,1364,117,13
20200427,629,137,6847,92,30,40,43,46,671,53,45,142,18,15,1364,117,13
20200428,633,137,6849,93,30,40,43,46,674,53,45,142,18,15,1365,117,13
20200429,633,137,6852,93,30,40,43,46,676,53,45,143,18,15,1365,117,13
20200430,633,137,6852,93,30,40,43,46,676,53,45,143,18,15,1365,117,13
20200501,634,137,6852,94,30,40,43,46,678,53,45,143,18,15,1366,117,13
20200502,635,138,6852,95,30,40,43,46,678,53,45,143,18,15,1366,117,13
20200503,637,138,6856,95,30,40,43,46,680,53,45,143,18,15,1366,117,13
20200504,637,138,6856,96,30,40,44,46,681,53,45,143,18,16,1366,117,13
20200505,637,138,6856,97,30,40,44,46,681,53,45,143,18,16,1366,117,13
20200506,637,138,6856,97,30,40,44,46,681,53,45,143,18,16,1366,117,13
20200507,637,138,6856,97,30,41,44,46,682,53,46,143,18,16,1366,117,13
20200508,637,140,6859,97,30,41,44,46,684,53,47,143,19,16,1366,117,13
20200509,649,141,6859,98,30,41,44,46,688,53,47,143,19,16,1366,117,13
20200510,663,141,6861,101,30,41,44,46,694,53,49,143,19,16,1366,117,14
20200511,684,141,6861,104,30,41,44,47,697,54,52,143,19,16,1366,117,14
20200512,696,141,6862,105,30,43,44,47,705,54,52,143,19,16,1367,118,14
20200513,707,144,6865,107,30,43,45,47,708,54,52,143,20,16,1367,119,14
20200514,711,144,6865,119,30,43,45,47,714,55,55,144,20,17,1368,119,14
20200515,725,144,6868,124,30,43,45,47,717,55,55,144,20,18,1368,119,14
20200516,730,144,6869,124,30,43,45,47,721,55,56,144,20,18,1368,119,14
20200517,735,144,6870,124,30,44,45,47,721,55,56,144,20,18,1368,121,14
20200518,736,144,6871,124,30,44,45,47,724,55,59,144,20,18,1368,121,14
20200519,742,144,6871,126,30,44,49,47,725,55,59,144,20,18,1368,121,14
20200520,752,144,6872,134,30,44,49,47,735,55,59,144,21,18,1368,121,14
20200521,756,144,6872,140,30,44,49,47,735,55,59,145,21,18,1368,121,14
20200522,758,144,6872,141,30,44,50,47,741,55,59,145,21,18,1370,122,14
20200523,762,144,6873,141,30,45,50,47,754,55,59,145,21,18,1370,123,14
20200524,768,144,6873,143,30,45,50,47,760,56,59,145,21,18,1376,123,14
20200525,774,144,6874,144,30,45,50,47,766,56,59,145,21,18,1377,123,14
20200526,783,144,6875,147,30,45,50,47,768,56,60,145,21,18,1378,123,14
20200527,802,144,6878,158,30,45,50,47,774,56,60,145,21,18,1378,123,14
20200528,826,145,6880,180,30,45,50,47,795,56,60,146,21,18,1379,123,14
20200529,846,145,6880,198,30,45,50,47,815,56,60,146,21,18,1379,123,14
20200530,855,146,6882,203,32,45,50,47,828,57,60,146,21,19,1379,123,14
20200601,862,147,6884,224,32,46,52,47,852,57,60,146,21,20,1379,123,15
20200602,876,147,6884,233,32,46,52,47,866,57,60,146,21,20,1379,123,15
20200603,895,147,6885,249,32,46,52,47,879,57,60,146,21,20,1379,123,15
20200604,909,147,6885,256,32,46,52,47,894,57,60,146,21,20,1380,123,15
20200605,924,147,6886,262,32,46,52,47,907,57,60,147,21,20,1382,123,15
20200606,947,147,6886,273,32,46,52,47,915,58,60,148,21,20,1383,124,15
20200607,974,147,6887,279,32,46,53,47,934,58,61,148,21,20,1383,124,15
20200608,995,147,6888,283,32,46,53,47,942,58,61,148,21,20,1383,124,15
20200609,1014,147,6888,286,32,46,53,47,955,58,61,150,21,20,1383,125,15
20200610,1026,147,6888,294,32,46,53,47,976,59,61,150,21,20,1383,127,15
20200611,1047,147,6888,300,32,46,53,47,992,59,61,150,21,20,1383,127,15
20200612,1072,147,6889,301,32,46,53,47,1011,59,61,150,21,20,1383,127,15
20200613,1101,147,6892,302,32,46,53,47,1025,59,61,150,21,20,1383,127,15
20200614,1113,147,6894,310,32,46,53,47,1035,60,61,150,21,20,1383,127,15
20200615,1120,147,6894,318,32,46,53,47,1045,60,61,152,21,20,1383,130,15
20200616,1132,148,6894,320,32,49,53,47,1050,60,61,152,21,20,1383,132,15
20200617,1145,148,6895,322,32,54,53,47,1063,60,61,153,21,20,1383,132,16
20200618,1170,148,6896,323,32,61,53,48,1079,60,61,156,22,20,1383,132,16
20200619,1188,148,6896,323,32,67,53,48,1090,60,61,156,22,20,1383,132,19
20200620,1202,150,6898,328,32,72,53,48,1107,60,61,158,23,20,1384,132,19
20200621,1219,150,6899,328,33,82,53,49,1117,62,61,159,23,20,1384,133,19
20200622,1224,150,6900,329,33,82,53,49,1123,62,61,161,24,20,1385,133,19
20200623,1230,150,6901,330,33,86,53,49,1130,62,62,161,24,20,1385,133,19
20200624,1241,152,6903,333,33,94,55,49,1137,63,62,162,25,20,1386,133,19
20200625,1250,152,6903,334,33,98,55,49,1146,63,62,163,25,20,1386,133,19
20200626,1267,152,6903,336,33,102,55,49,1150,64,62,166,25,20,1387,133,19
20200627,1284,152,6904,337,33,104,55,49,1167,64,63,166,26,20,1387,133,19
20200628,1298,152,6904,337,37,110,55,49,1184,64,64,167,26,23,1387,133,19
20200629,1305,153,6906,338,41,112,55,49,1200,64,64,167,27,24,1388,134,19
20200630,1312,154,6906,341,44,117,55,50,1207,65,64,167,27,24,1389,134,19
20200701,1321,154,6907,343,56,121,55,50,1223,65,64,168,27,25,1389,134,19
20200702,1334,154,6910,343,78,122,55,50,1233,65,64,171,27,25,1389,134,19
20200703,1346,154,6921,344,84,126,55,50,1251,65,64,172,28,25,1390,136,19
20200704,1353,155,6922,346,92,129,55,50,1270,65,66,172,28,25,1391,137,19
20200705,1369,155,6922,346,108,137,55,50,1278,66,66,172,29,25,1392,137,20
20200706,1372,156,6924,352,115,139,55,50,1284,67,66,173,29,27,1393,138,20
20200707,1375,156,6925,354,121,141,55,50,1297,67,66,173,30,27,1393,138,20
20200708,1385,156,6926,355,129,143,55,50,1315,67,66,179,32,28,1393,140,20
20200709,1393,156,6926,358,144,149,55,50,1323,67,66,180,33,29,1393,142,20
20200710,1401,156,6926,359,147,156,55,50,1337,67,68,180,33,32,1393,145,20
20200711,1409,156,6926,360,156,158,55,50,1341,67,68,181,35,32,1393,145,20
20200712,1416,156,6926,360,161,159,55,50,1358,67,68,181,36,32,1393,146,20
20200713,1429,156,6927,363,168,159,55,50,1369,69,69,185,36,32,1393,148,20
20200714,1436,156,6927,363,169,160,55,50,1378,69,70,185,38,32,1393,148,20
20200715,1442,156,6927,364,170,163,55,50,1383,69,70,185,38,32,1393,148,20
20200716,1449,156,6929,367,171,164,56,50,1404,72,71,185,38,32,1393,149,20
20200717,1458,156,6929,367,176,165,56,50,1419,72,71,185,38,32,1393,151,23
20200718,1464,157,6932,369,176,165,57,50,1429,72,71,185,38,33,1393,153,24
20200719,1474,157,6932,370,186,166,57,50,1433,72,71,185,38,33,1393,153,25
20200720,1477,157,6934,372,187,166,57,50,1434,72,71,186,39,35,1394,155,25
20200721,1498,157,6936,372,187,166,57,50,1436,72,71,186,39,35,1395,155,26
20200722,1514,157,6937,377,191,166,57,50,1451,72,72,187,39,35,1395,156,26
20200723,1526,159,6937,380,200,166,57,50,1479,72,72,187,39,35,1395,156,26
20200724,1547,161,6939,380,202,166,57,50,1487,72,72,187,39,35,1396,158,26
20200725,1558,166,6939,380,202,166,58,50,1501,72,72,187,39,36,1396,158,26
20200726,1565,167,6939,380,203,166,58,50,1508,72,72,187,39,36,1396,158,26
20200727,1574,168,6939,380,203,166,58,50,1514,72,73,188,39,36,1396,158,26
20200728,1580,170,6939,380,203,166,58,50,1520,72,73,189,39,38,1397,158,26
20200729,1589,171,6939,383,204,166,59,50,1531,72,73,189,39,38,1398,158,26
20200730,1592,171,6939,383,204,166,59,50,1536,72,73,189,39,38,1399,159,26
20200801,1602,172,6940,384,204,166,59,50,1553,74,73,190,39,38,1402,159,26
20200802,1607,173,6942,384,205,166,59,50,1556,74,73,190,39,38,1403,159,26
20200803,1612,173,6942,384,205,166,59,50,1557,74,73,190,39,38,1404,161,26
20200804,1621,174,6942,385,207,166,59,50,1568,74,74,190,39,39,1405,161,26
20200805,1627,174,6943,386,208,166,59,50,1575,75,80,190,39,39,1405,165,26
20200806,1636,177,6943,386,208,166,59,50,1588,77,81,192,39,41,1409,166,26
20200807,1645,177,6943,386,208,166,59,50,1593,77,81,192,39,41,1410,166,26
20200808,1662,177,6944,388,208,166,59,50,1611,77,81,192,39,41,1410,166,26
20200809,1675,177,6945,389,210,166,60,50,1626,77,82,193,39,41,1410,166,26
20200810,1688,178,6945,389,210,166,60,50,1632,77,82,193,39,42,1411,166,26
20200811,1694,187,6945,389,210,166,60,50,1645,77,82,195,40,42,1411,166,26
20200812,1709,191,6945,389,216,167,60,50,1664,77,82,196,40,42,1411,166,26
20200813,1735,193,6946,389,218,167,61,50,1681,77,82,197,42,42,1411,167,26
20200814,1767,198,6946,393,220,167,62,50,1728,78,82,200,42,42,1412,167,26
20200815,1841,201,6946,399,221,168,62,50,1800,81,82,202,43,42,1412,168,26
20200816,1987,208,6947,408,228,168,65,50,1898,81,83,207,43,42,1412,170,26
20200817,2077,215,6948,415,235,170,65,50,1968,82,86,211,44,42,1414,170,26
20200818,2209,222,6954,433,239,170,68,50,2020,84,87,216,51,42,1417,170,26
20200819,2360,231,6956,441,245,170,68,52,2119,90,89,219,52,44,1420,171,26
20200820,2495,246,6959,451,246,178,68,53,2204,95,90,224,58,47,1425,174,26
20200821,2621,254,6963,469,251,185,69,56,2307,104,93,237,63,53,1431,178,26
20200822,2750,257,6972,490,262,190,72,57,2402,120,95,244,67,60,1435,187,28
20200823,2890,259,6978,522,279,205,75,57,2526,135,98,254,67,74,1437,196,28
20200824,2987,262,6978,542,280,215,76,60,2611,141,108,262,71,81,1443,197,28
20200825,3122,265,6983,556,284,226,76,63,2683,149,110,271,75,82,1444,199,31
20200826,3233,269,6986,583,291,233,78,63,2782,167,110,283,82,95,1444,204,33
20200827,3387,277,6999,642,330,236,80,63,2884,181,111,298,84,108,1448,212,34
20200828,3533,285,7007,669,347,239,81,65,2997,184,116,307,86,120,1449,216,36
20200829,3658,291,7013,689,363,243,81,65,3101,184,122,315,86,129,1450,228,37
20200830,3774,297,7043,702,365,249,84,66,3181,186,127,323,86,137,1453,235,39
20200901,3962,304,7049,738,378,264,95,67,3323,193,129,339,87,146,1464,239,46
20200902,4063,311,7062,749,388,278,100,67,3407,195,130,346,87,149,1468,240,47
20200903,4132,315,7065,765,394,282,108,67,3471,199,131,353,87,155,1468,240,47
20200904,4200,319,7072,770,405,286,111,67,3527,202,135,374,87,156,1472,243,47
20200905,4251,329,7077,784,413,288,112,67,3577,205,139,378,89,156,1473,251,48
20200906,4314,331,7082,796,420,293,113,67,3624,210,141,380,90,159,1475,257,48
20200907,4362,340,7084,797,429,298,116,67,3655,210,141,383,91,159,1475,260,48
20200908,4429,341,7086,799,442,302,119,68,3686,210,142,383,94,160,1478,260,48
20200909,4478,343,7088,800,459,310,123,70,3741,210,143,391,95,161,1478,261,48
20200910,4526,344,7089,805,464,321,127,70,3791,212,146,403,96,163,1481,262,50
20200911,4589,347,7090,813,472,332,132,70,3838,212,147,417,96,165,1483,262,52
20200912,4639,351,7094,821,475,339,133,70,3870,215,147,423,97,166,1485,265,53
20200913,4670,354,7108,824,478,341,140,70,3902,216,147,434,99,166,1487,268,53
20200914,4711,357,7112,834,481,342,141,70,3932,216,147,442,100,166,1488,269,53
20200915,4743,361,7112,843,482,345,141,70,3971,217,149,445,101,166,1489,271,56
20200916,4794,365,7116,852,484,346,141,70,3997,217,151,447,106,166,1491,274,56
20200917,4858,367,7118,859,485,347,141,70,4051,217,151,457,106,167,1497,277,56
20200918,4904,369,7120,865,485,350,141,70,4088,217,154,463,114,167,1502,281,58
20200919,4944,371,7122,876,485,352,141,70,4129,217,155,467,115,167,1506,282,58
20200920,4972,377,7124,879,485,354,142,70,4155,217,156,468,115,167,1511,283,58
20200921,4995,385,7125,881,486,356,142,70,4173,217,158,468,115,167,1512,285,58
20200922,5016,390,7125,883,486,356,143,71,4193,219,160,468,115,167,1516,286,58
20200923,5056,397,7128,888,488,356,145,71,4223,220,162,473,116,167,1522,286,58
20200924,5095,404,7129,898,488,357,145,74,4271,222,164,474,117,168,1524,287,59
20200925,5152,407,7129,901,490,357,145,75,4298,223,167,475,120,168,1530,288,59
20200926,5178,409,7130,902,490,358,145,75,4312,223,167,475,123,168,1533,289,59
20200927,5212,412,7130,911,492,358,145,76,4333,223,169,477,125,169,1539,290,59
20200928,5231,413,7130,912,492,358,146,76,4347,224,170,477,125,169,1543,291,59
20200929,5242,416,7130,912,492,358,146,76,4357,224,171,479,125,169,1545,291,59
20200930,5293,421,7132,916,495,360,147,76,4383,224,171,484,128,169,1551,291,59
20201001,5323,427,7133,919,495,360,147,76,4404,224,172,487,128,170,1556,291,59
20201002,5334,445,7133,923,495,360,147,76,4423,224,172,488,128,170,1560,291,59
20201003,5360,453,7133,930,495,362,147,76,4433,224,173,489,129,173,1562,291,59
20201004,5376,458,7135,936,496,364,148,76,4449,224,175,489,129,173,1566,291,59
20201005,5395,463,7136,941,496,365,152,77,4476,224,176,491,132,173,1567,292,59
20201006,5410,466,7136,945,496,368,153,77,4511,224,176,491,141,173,1567,292,59
20201007,5443,468,7137,951,496,370,154,78,4564,224,176,491,149,173,1567,292,59
20201008,5463,473,7137,956,496,377,154,78,4588,224,177,491,149,173,1568,295,59
20201009,5485,478,7138,956,496,382,154,78,4600,224,178,491,149,174,1568,296,59
20201010,5510,481,7139,964,496,383,154,78,4624,224,178,494,149,176,1568,296,59
20201011,5533,484,7140,965,496,385,155,78,4645,226,178,495,149,176,1568,296,59
20201012,5564,488,7140,968,497,398,155,78,4675,227,178,497,151,176,1569,297,59
20201013,5584,489,7141,968,499,408,155,78,4713,231,179,499,152,176,1570,297,59
20201014,5607,491,7141,976,499,412,156,78,4744,231,179,500,152,176,1570,297,59
20201015,5632,546,7141,987,499,413,156,78,4752,232,180,500,153,176,1571,297,59
20201016,5650,546,7141,991,499,415,156,78,4769,232,180,501,155,176,1571,297,59
20201017,5668,552,7142,993,500,415,156,78,4801,235,180,503,155,177,1571,299,59
20201018,5688,556,7142,994,500,416,156,78,4851,237,180,503,155,177,1571,299,59
20201019,5702,571,7142,999,502,418,156,78,4869,238,181,505,156,177,1573,300,59
20201020,5713,573,7142,1002,502,419,156,78,4897,241,183,507,156,177,1575,301,59
20201021,5730,583,7142,1008,503,423,157,78,4921,243,184,507,156,178,1577,301,59
20201022,5748,588,7144,1012,503,423,157,78,4988,245,184,518,158,178,1578,301,59
20201023,5768,588,7149,1017,509,423,157,78,5091,246,184,522,160,179,1578,301,59
20201024,5790,588,7149,1019,509,428,157,78,5126,246,184,527,160,181,1578,301,59
20201025,5807,589,7150,1019,509,429,158,78,5153,246,184,529,160,181,1578,303,59
20201026,5827,589,7150,1022,509,430,159,79,5220,246,186,530,160,181,1581,306,59
20201027,5851,590,7150,1024,509,435,159,79,5255,252,187,531,160,184,1581,311,59
20201028,5876,590,7152,1034,509,442,159,79,5286,266,187,532,163,184,1586,314,59
20201029,5912,590,7155,1039,511,442,161,79,5344,273,187,533,164,184,1587,314,59
20201030,5959,590,7165,1042,511,442,163,79,5376,279,189,536,166,185,1587,315,59
20201101,6056,592,7176,1049,514,442,163,82,5441,282,190,550,166,188,1587,318,59
20201102,6081,592,7179,1051,514,442,164,82,5482,283,192,561,166,190,1588,319,59
20201103,6103,593,7179,1052,516,442,164,82,5509,284,193,568,166,190,1588,320,59
20201104,6145,594,7181,1056,516,443,165,82,5552,284,193,578,166,190,1590,320,60
20201105,6195,598,7183,1061,516,443,165,82,5579,285,195,601,166,190,1590,325,60
20201106,6235,598,7183,1061,516,443,165,82,5626,292,195,626,167,190,1591,338,60
20201107,6272,600,7184,1062,516,444,165,82,5647,296,195,635,167,190,1591,343,60
20201108,6326,600,7191,1065,518,445,166,82,5672,305,197,644,167,194,1593,353,60
20201109,6372,602,7197,1067,519,445,166,82,5694,316,201,654,171,196,1594,357,60
20201110,6407,603,7198,1070,524,445,166,82,5727,319,203,658,171,198,1595,359,60
20201111,6452,606,7198,1071,528,446,166,82,5780,328,205,665,172,199,1595,370,60
20201112,6505,608,7201,1073,534,448,167,82,5815,334,206,674,172,207,1596,374,61
20201113,6579,608,7202,1077,539,448,167,83,5862,357,207,682,172,216,1596,377,62
20201114,6648,612,7202,1078,547,450,167,84,5911,375,207,693,176,229,1596,381,62
20201115,6733,612,7203,1080,556,450,167,84,5956,394,215,698,178,238,1598,384,62
20201116,6813,612,7203,1090,560,453,167,85,5998,414,218,704,179,248,1612,388,63
20201117,6903,612,7206,1103,578,454,167,86,6050,427,218,713,179,264,1615,391,63
20201118,6995,617,7208,1115,587,455,170,86,6137,432,218,720,179,279,1631,400,63
20201119,7104,622,7210,1127,595,456,170,86,6201,452,222,733,181,307,1639,428,63
20201120,7236,624,7211,1157,599,456,170,86,6274,476,224,748,194,321,1649,446,65
20201121,7392,631,7212,1179,606,457,171,86,6367,491,225,769,208,340,1657,457,65
20201122,7513,632,7213,1206,614,457,172,86,6442,504,225,782,220,353,1663,476,65
20201123,7625,637,7215,1229,615,460,173,87,6518,516,225,791,229,358,1667,478,66
20201124,7758,643,7218,1246,618,460,175,89,6599,562,228,799,244,365,1676,481,67
20201125,7900,661,7223,1286,632,464,178,89,6681,575,231,817,252,373,1679,492,70
20201126,8112,683,7224,1304,646,465,185,93,6864,583,239,833,268,382,1681,537,73
20201127,8316,707,7224,1329,659,470,192,96,6981,592,259,864,292,393,1684,576,76
20201128,8494,735,7225,1354,675,483,195,96,7106,625,283,881,301,400,1689,590,78
20201129,8652,757,7228,1375,683,489,195,99,7200,644,305,894,318,420,1700,605,79
20201130,8811,809,7232,1409,696,494,198,100,7277,652,327,899,334,424,1704,625,80
20201201,8966,840,7243,1425,718,504,201,102,7373,661,359,915,343,426,1715,636,81
20201202,9159,872,7247,1448,728,509,211,109,7517,673,375,923,369,427,1720,643,83
20201203,9421,887,7250,1470,731,516,213,113,7658,681,385,937,378,429,1731,656,84
20201204,9716,918,7256,1487,732,537,218,113,7818,684,390,960,392,432,1740,672,86
20201205,9951,947,7263,1506,738,547,219,117,7975,693,408,970,409,436,1757,699,87
20201206,10205,981,7266,1548,743,550,222,120,8159,705,422,985,421,444,1768,715,87
20201207,10449,1016,7271,1588,748,552,260,120,8315,714,433,995,443,447,1777,731,87
20201208,10660,1042,7275,1613,759,563,321,121,8472,722,443,1010,456,454,1782,744,89
20201209,10922,1061,7277,1659,768,573,335,122,8691,727,466,1014,468,456,1786,773,89
20201210,11172,1092,7280,1696,773,582,351,123,8906,742,478,1034,476,461,1794,789,102
20201211,11424,1118,7286,1733,776,592,398,123,9135,753,498,1044,483,465,1797,801,107
20201212,11786,1177,7321,1775,785,610,421,124,9407,789,519,1054,489,473,1816,818,107
20201213,12185,1234,7349,1837,800,623,429,124,9738,807,534,1064,498,479,1834,842,110
20201214,12404,1255,7365,1873,822,625,434,127,9964,821,555,1119,506,480,1850,870,118
20201215,12655,1296,7384,1928,827,657,483,128,10252,834,580,1156,521,481,1865,886,127
20201216,13033,1337,7411,1995,829,672,489,128,10581,842,603,1191,596,485,1893,905,142
20201217,13456,1381,7432,2075,839,683,499,128,10872,851,622,1210,615,485,1902,935,154
20201218,13854,1420,7452,2140,843,688,530,128,11175,869,653,1228,631,490,1933,979,181
20201219,14234,1459,7472,2186,852,693,539,128,11449,896,756,1252,646,495,1962,1011,205
20201220,14706,1492,7497,2248,866,696,545,129,11698,951,770,1272,675,499,1987,1062,229
20201221,15033,1512,7518,2336,879,699,562,129,11942,976,803,1288,688,508,2035,1077,252
20201222,15349,1538,7557,2381,905,708,568,130,12146,999,834,1305,692,513,2094,1095,271
20201223,15724,1570,7581,2430,941,743,586,131,12455,1012,892,1316,713,525,2119,1124,304
20201224,16043,1614,7607,2483,956,754,595,133,12740,1033,939,1347,725,527,2169,1145,330
20201225,16595,1636,7630,2538,992,767,607,134,13003,1047,981,1427,739,532,2236,1160,350
20201226,17060,1663,7643,2593,1020,778,615,135,13258,1083,1019,1488,776,538,2270,1182,374
20201227,17422,1703,7664,2654,1037,786,616,141,13499,1106,1043,1546,784,543,2304,1226,381
20201228,17721,1737,7688,2700,1049,789,618,143,13692,1133,1074,1581,785,550,2350,1251,392
20201229,18242,1754,7717,2732,1064,819,622,147,13948,1154,1096,1608,793,554,2378,1267,397
20201230,18629,1793,7768,2780,1073,838,638,149,14225,1171,1141,1635,825,555,2401,1303,407
20210101,19352,1924,7844,2904,1098,856,716,150,14734,1237,1185,1668,845,566,2448,1360,421
20210102,19602,1950,7873,2975,1111,860,733,153,14961,1268,1221,1675,856,577,2468,1397,434
20210103,19800,1969,7895,3023,1137,868,740,154,15165,1301,1248,1684,861,589,2482,1409,438
20210105,20328,2021,7956,3175,1234,882,749,154,15663,1356,1303,1725,879,596,2531,1463,456
20210106,20591,2059,7977,3213,1264,891,751,155,15947,1372,1324,1749,901,597,2559,1492,461
20210107,20888,2082,7987,3254,1292,900,760,158,16250,1402,1338,1769,903,598,2595,1512,470
20210108,21079,2106,8005,3284,1313,908,770,158,16508,1413,1348,1790,911,598,2625,1534,476
20210109,21267,2123,8018,3333,1319,913,778,158,16719,1419,1378,1817,925,603,2646,1560,481
20210110,21454,2157,8045,3366,1340,917,812,158,16911,1439,1387,1847,931,607,2665,1579,485
20210111,21595,2176,8056,3388,1364,918,826,158,17058,1450,1397,1858,938,610,2669,1592,487
20210112,21762,2197,8074,3409,1371,925,833,159,17233,1457,1413,1861,950,612,2677,1647,489
20210113,21914,2232,8087,3431,1375,934,844,159,17434,1478,1424,1866,958,612,2700,1689,490
20210114,22048,2272,8098,3456,1406,937,854,161,17605,1489,1442,1878,961,618,2718,1705,492
20210115,22175,2319,8109,3480,1412,940,860,165,17791,1502,1451,1884,967,631,2741,1727,493
20210116,22331,2380,8132,3513,1418,945,868,166,17959,1525,1457,1892,984,644,2761,1747,497
20210117,22476,2414,8147,3548,1433,948,886,167,18134,1529,1464,1899,989,659,2776,1765,497
20210118,22608,2424,8160,3561,1444,950,892,169,18239,1545,1473,1910,992,663,2794,1787,499
20210119,22709,2441,8176,3580,1452,957,900,172,18378,1562,1478,1918,995,669,2803,1798,500
20210120,22852,2454,8188,3596,1463,958,903,172,18517,1573,1481,1926,997,678,2810,1817,506
20210121,22977,2473,8195,3619,1469,958,906,173,18655,1581,1488,1936,1002,692,2818,1833,511
20210122,23092,2496,8201,3628,1471,959,909,173,18771,1590,1489,1943,1002,699,2833,1854,513
20210123,23219,2529,8223,3640,1478,960,911,174,18888,1596,1493,1960,1009,709,2851,1886,516
20210124,23352,2549,8235,3665,1495,960,913,185,18987,1607,1505,1969,1013,710,2859,1903,518
20210125,23453,2569,8250,3679,1511,1085,915,187,19064,1611,1513,1982,1013,713,2874,1914,518
20210126,23557,2596,8263,3697,1523,1089,915,189,19141,1654,1520,1988,1014,722,2882,1926,518
20210127,23686,2628,8269,3717,1635,1090,921,193,19291,1672,1528,1992,1027,734,2893,1947,518
20210128,23791,2682,8280,3758,1679,1094,927,194,19409,1678,1553,1996,1028,742,2936,1966,518
20210129,23903,2716,8290,3777,1733,1095,929,194,19544,1686,1562,2002,1034,747,2979,1981,519
20210130,24055,2736,8298,3792,1766,1097,931,194,19690,1689,1573,2011,1037,748,3001,1993,521
20210201,24262,2771,8317,3824,1815,1098,938,196,19895,1703,1580,2020,1042,750,3022,2015,522
20210202,24390,2783,8329,3832,1839,1098,939,196,19977,1710,1598,2025,1044,753,3032,2026,523
20210203,24578,2802,8338,3853,1845,1105,939,197,20088,1716,1607,2061,1054,759,3044,2034,524
20210204,24750,2828,8346,3897,1857,1107,941,197,20222,1724,1611,2074,1055,761,3050,2042,527
20210205,24876,2861,8360,3923,1871,1107,941,197,20336,1729,1614,2087,1055,761,3057,2048,529
20210206,25019,2875,8378,3948,1883,1115,943,197,20447,1730,1616,2100,1059,762,3064,2060,535
20210207,25163,2884,8390,3965,1893,1121,944,198,20559,1736,1617,2114,1059,766,3065,2064,537
20210208,25275,2893,8411,3983,1900,1125,945,199,20642,1740,1617,2124,1059,766,3071,2068,537
20210209,25365,2902,8420,3999,1908,1127,948,200,20768,1743,1620,2129,1062,766,3076,2075,539
20210210,25540,2921,8436,4019,1922,1127,948,201,20937,1748,1622,2131,1064,768,3078,2084,539
20210211,25723,2950,8449,4044,1935,1130,950,201,21125,1759,1626,2132,1071,768,3079,2089,543
20210212,25881,2977,8461,4087,1941,1131,950,203,21230,1765,1632,2145,1073,772,3083,2093,547
20210213,26017,3004,8475,4117,1944,1136,952,208,21329,1767,1637,2160,1078,772,3088,2097,547
20210214,26169,3019,8478,4136,1946,1138,955,210,21409,1772,1642,2172,1084,774,3093,2103,547
20210215,26319,3034,8491,4148,1949,1146,959,210,21511,1773,1642,2181,1088,779,3101,2106,547
20210216,26480,3053,8503,4169,1951,1150,966,210,21645,1778,1649,2239,1093,781,3104,2114,548
20210217,26738,3072,8517,4190,1954,1157,975,212,21799,1781,1655,2314,1099,796,3119,2122,548
20210218,26923,3100,8526,4207,1970,1169,981,213,22040,1785,1672,2342,1105,800,3142,2129,553
20210219,27103,3116,8537,4245,1974,1173,993,214,22229,1792,1690,2366,1108,810,3164,2138,556
20210220,27226,3130,8546,4282,1979,1175,994,214,22399,1797,1706,2378,1116,820,3183,2146,558
20210221,27356,3142,8554,4303,1985,1175,998,215,22570,1803,1712,2388,1124,828,3190,2153,561
20210222,27462,3154,8558,4322,1990,1178,999,215,22691,1823,1719,2394,1128,831,3201,2159,561
20210223,27587,3166,8568,4336,1997,1179,1001,216,22818,1837,1723,2402,1135,837,3209,2164,561
20210224,27731,3179,8587,4354,2032,1181,1002,218,22961,1846,1724,2414,1143,838,3227,2172,563
20210225,27853,3197,8601,4376,2047,1181,1004,218,23099,1848,1728,2430,1148,849,3236,2174,568
20210226,27984,3208,8611,4391,2058,1187,1005,219,23240,1854,1738,2433,1164,854,3242,2180,568
20210227,28115,3217,8617,4418,2070,1189,1008,220,23409,1860,1746,2437,1184,859,3249,2181,569
20210228,28235,3222,8623,4431,2084,1190,1013,226,23550,1864,1756,2444,1191,859,3253,2183,570
20210301,28327,3238,8633,4445,2092,1190,1015,227,23710,1869,1764,2448,1201,861,3266,2188,570
20210302,28449,3255,8647,4456,2096,1191,1015,232,23826,1871,1770,2452,1210,868,3273,2193,575
20210303,28568,3263,8653,4476,2099,1193,1016,236,24053,1877,1789,2456,1215,871,3279,2198,579
20210304,28686,3281,8673,4494,2105,1196,1016,236,24239,1883,1801,2460,1221,872,3286,2208,582
20210305,28815,3301,8676,4507,2111,1196,1019,237,24412,1887,1820,2469,1224,872,3292,2211,584
20210306,28943,3313,8680,4527,2114,1196,1023,239,24585,1894,1842,2476,1228,875,3305,2216,589
20210307,29075,3319,8688,4555,2118,1197,1025,241,24757,1904,1851,2482,1233,881,3318,2219,593
20210308,29175,3331,8694,4570,2133,1197,1028,242,24885,1914,1871,2496,1237,887,3321,2220,596
20210309,29277,3350,8697,4590,2166,1198,1039,242,25073,1927,1892,2511,1245,890,3323,2221,598
20210310,29415,3357,8698,4613,2167,1201,1060,242,25276,1947,1913,2517,1250,893,3327,2228,600
20210311,29553,3371,8702,4631,2168,1202,1083,242,25460,1977,1919,2521,1258,896,3338,2236,602
20210312,29693,3386,8706,4662,2170,1202,1088,244,25626,1989,1946,2524,1262,900,3347,2292,604
20210313,29833,3403,8715,4688,2173,1203,1089,244,25790,2007,1962,2533,1264,901,3361,2354,605
20210314,29945,3416,8721,4708,2174,1203,1090,244,25993,2023,1969,2535,1271,903,3370,2407,606
20210315,30054,3420,8726,4726,2175,1205,1092,246,26154,2033,1978,2541,1276,904,3373,2438,609
20210316,30133,3427,8729,4740,2177,1206,1095,246,26302,2046,1981,2545,1283,905,3377,2503,611
20210317,30253,3438,8743,4761,2178,1207,1099,249,26488,2056,1993,2551,1304,905,3381,2548,612
20210318,30377,3445,8757,4782,2179,1209,1104,250,26647,2079,2001,2565,1319,905,3386,2583,614
20210319,30523,3452,8762,4806,2181,1216,1107,250,26804,2110,2009,2570,1334,905,3390,2625,614
20210320,30638,3461,8778,4818,2182,1224,1110,250,26993,2127,2017,2576,1350,905,3401,2656,615
20210321,30763,3480,8792,4840,2184,1225,1117,250,27150,2141,2027,2581,1361,905,3406,2710,616
20210322,30872,3506,8806,4850,2186,1225,1118,250,27301,2162,2032,2592,1368,907,3417,2747,617
20210323,30969,3514,8809,4863,2187,1229,1126,250,27425,2171,2038,2600,1375,908,3437,2776,617
20210324,31106,3531,8826,4884,2189,1231,1128,250,27579,2189,2044,2600,1380,908,3449,2803,617
20210325,31233,3551,8843,4896,2194,1234,1128,250,27726,2216,2061,2604,1385,909,3459,2833,617
20210326,31354,3562,8857,4925,2197,1248,1128,250,27922,2240,2074,2607,1388,911,3472,2870,620
20210327,31481,3595,8880,4964,2202,1258,1133,251,28067,2276,2113,2609,1393,911,3483,2889,622
20210328,31619,3651,8890,4997,2204,1266,1137,251,28220,2295,2129,2617,1398,912,3490,2902,622
20210329,31726,3704,8900,5015,2206,1268,1140,251,28351,2301,2141,2618,1406,913,3493,2922,623
20210330,31871,3747,8912,5033,2207,1279,1143,253,28468,2314,2169,2623,1431,913,3498,2938,623
20210401,32228,3859,8934,5078,2212,1296,1159,283,28709,2350,2210,2646,1473,914,3511,2981,627
20210402,32394,3897,8951,5101,2213,1315,1166,291,28869,2360,2229,2656,1488,915,3541,2999,631
20210403,32549,3958,8961,5122,2216,1334,1169,301,29016,2377,2240,2666,1508,916,3558,3027,632
20210404,32698,4019,8976,5144,2220,1363,1180,304,29166,2383,2254,2678,1532,917,3574,3041,634
20210405,32850,4067,8998,5166,2220,1376,1181,308,29277,2397,2261,2692,1548,922,3594,3053,636
20210406,32997,4101,9014,5193,2226,1398,1185,308,29384,2412,2273,2698,1577,937,3619,3060,636
20210407,33195,4139,9030,5241,2228,1459,1211,309,29559,2428,2290,2710,1587,944,3628,3085,639
20210408,33439,4191,9040,5266,2228,1484,1224,316,29789,2435,2298,2730,1611,945,3639,3096,644
20210409,33654,4244,9058,5311,2233,1510,1233,321,29992,2438,2305,2748,1633,956,3646,3111,646
20210410,33855,4300,9063,5335,2234,1523,1258,325,30194,2444,2317,2763,1656,963,3672,3157,653
20210411,34069,4345,9069,5352,2234,1530,1269,326,30380,2449,2327,2785,1696,969,3685,3173,660
20210412,34231,4392,9085,5364,2238,1547,1303,331,30556,2455,2347,2803,1720,972,3700,3190,663
20210413,34389,4431,9094,5380,2247,1560,1335,333,30724,2468,2355,2817,1745,978,3710,3205,663
20210414,34636,4480,9105,5406,2252,1571,1365,335,30962,2474,2384,2827,1756,979,3724,3232,665
20210415,34853,4534,9123,5423,2256,1581,1386,338,31186,2492,2404,2831,1772,990,3743,3256,668
20210416,35069,4578,9127,5435,2267,1587,1410,341,31407,2499,2413,2844,1787,996,3767,3300,671
20210417,35286,4613,9139,5458,2271,1591,1436,341,31616,2511,2425,2851,1803,1002,3796,3338,672
20210418,35490,4644,9152,5477,2284,1596,1457,343,31800,2530,2435,2873,1824,1004,3824,3405,673
20210419,35627,4670,9176,5488,2295,1617,1485,344,31946,2551,2445,2886,1840,1007,3843,3440,675
20210420,35775,4699,9191,5506,2299,1625,1506,345,32135,2569,2459,2902,1843,1011,3864,3469,676
20210421,35993,4732,9216,5521,2316,1642,1545,346,32369,2584,2479,2910,1851,1015,3880,3510,683
20210422,36223,4769,9240,5535,2325,1655,1577,347,32591,2608,2498,2916,1857,1023,3903,3568,687
20210423,36427,4802,9252,5545,2341,1657,1615,350,32889,2623,2528,2926,1866,1029,3925,3631,690
20210424,36680,4846,9256,5563,2356,1667,1665,351,33133,2632,2543,2940,1875,1030,3957,3683,693
20210425,36855,4889,9270,5578,2364,1673,1708,351,33324,2642,2558,2946,1882,1039,3981,3728,696
20210426,37009,4914,9277,5592,2379,1677,1721,352,33474,2654,2574,2953,1888,1039,4006,3757,697
20210427,37125,4944,9289,5606,2385,1685,1739,354,33669,2656,2584,2967,1893,1041,4028,3785,702
20210428,37382,4977,9318,5626,2397,1695,1772,356,33863,2667,2606,3005,1906,1046,4053,3840,705
20210429,37609,5017,9337,5651,2405,1699,1818,356,34045,2680,2616,3021,1915,1048,4081,3878,706
20210430,37836,5049,9351,5665,2409,1730,1879,357,34196,2684,2628,3033,1936,1053,4110,3915,707
20210501,38031,5078,9363,5678,2413,1743,1931,361,34386,2688,2633,3050,1946,1055,4122,3958,714
20210502,38213,5111,9373,5695,2428,1752,1983,362,34531,2692,2644,3066,1958,1056,4152,4019,715
20210503,38340,5127,9385,5710,2433,1757,2004,366,34661,2702,2653,3076,1970,1080,4184,4063,716
20210504,38524,5143,9395,5723,2437,1770,2033,372,34785,2724,2660,3095,1982,1089,4206,4099,724
20210505,38762,5166,9401,5739,2445,1788,2055,372,34953,2772,2671,3105,1988,1101,4244,4126,737
20210506,38974,5194,9408,5758,2453,1806,2093,373,35095,2784,2677,3120,1993,1111,4266,4143,743
20210507,39153,5215,9417,5772,2474,1813,2128,373,35234,2792,2682,3129,1999,1123,4278,4175,755
20210508,39395,5242,9430,5794,2479,1822,2176,378,35428,2819,2691,3132,2004,1135,4299,4212,760
20210509,39590,5252,9436,5805,2485,1824,2204,379,35577,2826,2700,3142,2012,1159,4318,4242,778
20210510,39731,5272,9440,5818,2494,1828,2228,386,35714,2831,2704,3157,2021,1168,4337,4258,792
20210511,39894,5286,9448,5839,2518,1835,2247,386,35851,2843,2708,3175,2033,1178,4352,4268,816
20210512,40116,5296,9454,5859,2540,1843,2278,387,36038,2860,2720,3185,2055,1195,4359,4284,829
20210513,40343,5316,9459,5876,2563,1861,2309,389,36264,2877,2730,3204,2065,1207,4382,4316,838
20210514,40574,5340,9468,5910,2574,1892,2335,396,36437,2902,2734,3226,2079,1257,4417,4348,848
20210515,40828,5382,9473,5926,2585,1902,2357,399,36607,2914,2739,3238,2090,1283,4436,4388,862
20210516,41041,5413,9479,5941,2599,1906,2368,399,36768,2919,2759,3256,2104,1296,4447,4433,871
20210517,41236,5425,9498,5955,2626,1908,2384,399,36918,2954,2782,3272,2113,1316,4474,4463,886
20210518,41408,5438,9521,5971,2637,1920,2390,403,37055,2979,2795,3287,2120,1328,4497,4479,897
20210519,41657,5465,9544,5994,2641,1930,2417,406,37219,2995,2816,3304,2129,1338,4521,4495,901
20210520,41899,5482,9553,6007,2656,1938,2442,415,37406,3003,2829,3323,2136,1345,4554,4507,907
20210521,42071,5497,9572,6019,2669,1953,2455,416,37570,3010,2841,3364,2152,1362,4565,4525,912
20210522,42279,5525,9628,6034,2684,1958,2484,416,37735,3039,2847,3381,2164,1378,4581,4546,919
20210523,42460,5540,9685,6046,2693,1970,2508,417,37886,3058,2856,3405,2178,1388,4593,4563,927
20210524,42599,5555,9733,6064,2709,1981,2520,431,38008,3078,2863,3436,2182,1402,4605,4580,946
20210525,42737,5571,9762,6075,2730,1996,2527,445,38144,3099,2872,3458,2187,1409,4617,4594,963
20210526,42998,5593,9792,6094,2751,2013,2542,454,38333,3124,2885,3477,2193,1420,4626,4614,969
20210527,43216,5611,9819,6124,2766,2036,2548,462,38503,3131,2894,3494,2199,1436,4638,4632,995
20210528,43430,5624,9843,6150,2774,2054,2560,470,38652,3147,2908,3515,2203,1443,4652,4653,1002
20210529,43624,5638,9865,6168,2783,2065,2568,471,38791,3157,2930,3527,2209,1448,4665,4673,1015
20210530,43784,5651,9885,6186,2792,2072,2575,477,38951,3174,2936,3534,2216,1457,4674,4683,1023
20210601,44061,5696,9958,6215,2810,2097,2580,483,39197,3198,2954,3550,2231,1468,4701,4707,1042
20210602,44319,5717,9997,6235,2815,2120,2594,486,39389,3212,2959,3557,2241,1478,4713,4728,1056
20210603,44534,5749,10071,6257,2819,2135,2602,487,39600,3229,2964,3570,2253,1481,4724,4751,1068
20210604,44740,5763,10136,6267,2826,2153,2617,490,39809,3247,2986,3579,2256,1493,4735,4795,1089
20210605,45017,5780,10177,6283,2835,2184,2622,494,40020,3261,3010,3589,2270,1507,4745,4815,1111
20210606,45196,5801,10223,6306,2837,2202,2629,494,40180,3271,3027,3602,2270,1516,4755,4832,1130
20210607,45355,5813,10249,6321,2841,2222,2639,494,40331,3273,3038,3611,2273,1519,4764,4860,1143
20210608,45494,5828,10282,6334,2842,2244,2642,494,40461,3278,3044,3615,2277,1527,4771,4908,1151
20210609,45677,5844,10326,6357,2849,2269,2648,497,40622,3308,3067,3620,2283,1533,4784,4947,1158
20210610,45889,5859,10356,6379,2853,2291,2655,500,40802,3324,3091,3627,2285,1537,4795,4980,1168
20210611,46093,5887,10380,6397,2854,2306,2670,502,40975,3335,3107,3632,2289,1542,4801,5000,1173
20210612,46301,5913,10403,6417,2861,2328,2676,503,41149,3346,3119,3637,2291,1546,4806,5025,1178
20210613,46477,5926,10418,6432,2864,2339,2678,504,41298,3356,3125,3647,2292,1549,4813,5033,1183
20210614,46599,5943,10438,6446,2868,2349,2678,505,41420,3367,3148,3654,2294,1553,4817,5046,1192
20210615,46730,5952,10454,6458,2872,2364,2682,513,41540,3370,3162,3661,2298,1556,4822,5049,1198
20210616,46931,5968,10470,6470,2873,2393,2689,517,41730,3377,3179,3669,2300,1564,4825,5056,1207
20210617,47132,5985,10477,6487,2879,2411,2711,519,41913,3384,3197,3674,2307,1570,4828,5061,1215
20210618,47332,5995,10488,6509,2881,2424,2722,520,42066,3393,3216,3681,2311,1574,4839,5075,1221
20210619,47529,6013,10501,6531,2885,2429,2727,522,42211,3398,3226,3693,2316,1579,4843,5086,1228
20210620,47694,6034,10517,6553,2888,2437,2732,525,42324,3411,3232,3703,2319,1582,4849,5097,1230
20210621,47828,6048,10535,6562,2890,2452,2732,527,42415,3420,3235,3714,2322,1592,4857,5110,1233
20210622,47959,6054,10538,6580,2892,2483,2737,533,42507,3430,3251,3726,2324,1600,4868,5121,1234
20210623,48195,6070,10545,6608,2896,2541,2742,541,42698,3447,3261,3735,2326,1602,4889,5139,1234
20210624,48447,6090,10548,6623,2897,2556,2755,542,42883,3452,3267,3742,2332,1608,4918,5162,1238
20210625,48716,6117,10553,6652,2902,2565,2771,544,43066,3465,3277,3746,2334,1626,4925,5179,1243
20210626,48979,6148,10566,6664,2910,2578,2793,546,43254,3500,3282,3753,2339,1629,4934,5191,1252
20210627,49221,6160,10574,6689,2922,2593,2799,554,43427,3519,3286,3777,2345,1635,4938,5205,1254
20210628,49406,6198,10579,6720,2929,2600,2807,554,43589,3536,3291,3785,2347,1637,4939,5215,1256
20210629,49611,6207,10587,6737,2931,2625,2820,557,43819,3544,3301,3796,2354,1641,4945,5230,1262
20210630,49986,6221,10598,6767,2937,2651,2824,560,44059,3559,3306,3804,2364,1648,4949,5247,1264
20210701,50319,6239,10605,6803,2944,2667,2826,565,44308,3569,3310,3819,2371,1653,4954,5257,1265
20210702,50665,6268,10614,6825,2946,2692,2837,567,44572,3583,3317,3846,2378,1657,4961,5270,1268
20210703,51024,6307,10622,6841,2949,2720,2838,570,44824,3594,3323,3862,2382,1664,4965,5280,1272
20210704,51313,6335,10625,6874,2952,2752,2851,574,45055,3613,3325,3869,2385,1664,4974,5295,1274
20210705,51620,6360,10631,6896,2959,2771,2852,578,45275,3620,3328,3881,2391,1670,4987,5317,1280
20210706,51940,6389,10639,6919,2963,2797,2855,583,45504,3629,3330,3894,2397,1674,4998,5336,1285
20210707,52522,6423,10652,6976,2974,2827,2856,588,45871,3641,3335,3910,2405,1684,5004,5351,1304
20210708,53072,6478,10667,7040,2976,2840,2865,593,46263,3657,3343,3988,2408,1693,5008,5361,1321
20210709,53575,6536,10686,7122,2980,2869,2881,594,46668,3681,3357,4040,2416,1698,5017,5378,1352
20210710,54084,6597,10700,7206,3001,2917,2911,594,47119,3697,3376,4069,2430,1700,5030,5414,1362
20210711,54593,6653,10723,7272,3024,2949,2933,597,47526,3717,3384,4101,2432,1706,5042,5481,1386
20210712,54996,6697,10760,7328,3038,2974,2941,603,47853,3735,3398,4146,2436,1725,5055,5521,1393
20210713,55413,6747,10798,7399,3047,3005,2948,611,48171,3754,3406,4182,2454,1738,5063,5572,1412
20210714,56050,6810,10850,7495,3062,3046,2959,617,48635,3770,3416,4218,2463,1744,5085,5661,1433
20210715,56569,6875,10901,7585,3083,3106,2978,619,49131,3795,3428,4269,2487,1770,5098,5749,1442
20210716,57138,6925,10933,7682,3106,3155,2992,626,49587,3823,3442,4308,2500,1778,5110,5829,1452
20210717,57697,6987,10962,7763,3118,3188,3003,628,49980,3868,3453,4360,2508,1786,5126,5918,1466
20210718,58219,7057,11004,7846,3141,3233,3015,633,50353,3920,3482,4400,2513,1797,5141,6017,1477
20210719,58638,7122,11037,7913,3155,3316,3029,641,50693,3947,3486,4433,2523,1813,5160,6091,1488
20210720,59032,7171,11067,7984,3180,3389,3038,654,51076,3989,3530,4463,2538,1822,5179,6148,1496
20210721,59636,7273,11102,8112,3203,3462,3056,660,51541,4043,3545,4512,2557,1843,5204,6237,1530
20210722,60135,7377,11140,8242,3214,3543,3081,670,51914,4090,3573,4551,2561,1861,5233,6328,1554
20210723,60654,7493,11200,8339,3223,3610,3103,678,52329,4152,3608,4579,2571,1884,5249,6421,1583
20210724,61119,7609,11252,8423,3232,3678,3122,684,52793,4198,3639,4618,2613,1904,5270,6532,1598
20210725,61608,7717,11321,8511,3245,3732,3131,693,53113,4223,3680,4665,2620,1920,5298,6651,1612
20210726,61949,7806,11381,8582,3263,3803,3134,698,53463,4252,3711,4730,2644,1948,5320,6729,1624
20210727,62300,7872,11450,8647,3286,3874,3139,704,53836,4313,3724,4768,2676,1963,5345,6817,1641
20210728,62873,7974,11505,8749,3313,3949,3157,715,54392,4387,3764,4799,2699,1983,5378,6915,1664
20210729,63387,8056,11561,8845,3352,4018,3171,720,54861,4434,3794,4846,2730,2003,5400,7005,1688
20210730,63875,8134,11623,8964,3377,4103,3189,724,55385,4454,3831,4883,2753,2022,5437,7104,1706
20210801,64823,8264,11692,9149,3413,4258,3226,745,56186,4537,3867,4992,2781,2044,5484,7287,1752
20210802,65187,8336,11718,9211,3430,4322,3239,748,56523,4562,3893,5030,2794,2050,5515,7371,1764
20210803,65498,8405,11755,9259,3448,4400,3247,755,56883,4587,3932,5081,2810,2054,5540,7443,1785
20210804,65984,8516,11830,9342,3464,4459,3262,763,57370,4609,3977,5136,2843,2069,5588,7557,1808
20210805,66450,8628,11951,9432,3481,4529,3275,778,57856,4640,4022,5207,2862,2089,5648,7639,1832
20210806,66914,8735,12035,9535,3495,4579,3299,798,58318,4666,4063,5260,2896,2113,5704,7737,1848
20210807,67417,8881,12103,9625,3513,4636,3320,816,58832,4699,4106,5314,2916,2133,5753,7868,1861
20210808,67867,9028,12166,9700,3545,4669,3378,823,59294,4724,4161,5400,2936,2153,5809,7986,1866
20210809,68282,9151,12252,9765,3564,4711,3403,824,59702,4748,4199,5468,2957,2167,5839,8074,1877
20210810,68641,9256,12332,9831,3579,4762,3454,828,60122,4770,4246,5534,2988,2193,5898,8184,1889
20210811,69301,9382,12398,9942,3599,4805,3502,836,60788,4789,4302,5620,3019,2211,5965,8325,1917
20210812,69827,9514,12437,10056,3619,4856,3556,847,61363,4831,4377,5705,3043,2238,6028,8435,1940
20210813,70351,9694,12494,10153,3634,4914,3595,854,61903,4864,4429,5777,3070,2256,6110,8560,1984
20210814,70864,9847,12576,10232,3651,4956,3621,864,62476,4903,4474,5841,3091,2284,6164,8663,2039
20210815,71352,10003,12633,10332,3680,5000,3650,869,62986,4934,4518,5903,3103,2302,6240,8756,2077
20210816,71716,10130,12678,10442,3709,5031,3681,872,63382,4975,4555,5946,3117,2329,6315,8842,2142
20210817,72081,10196,12724,10520,3727,5064,3703,875,63767,5001,4598,5988,3142,2354,6353,8948,2179
20210818,72590,10320,12785,10612,3758,5098,3735,881,64282,5041,4631,6058,3162,2388,6390,9053,2225
20210819,73165,10458,12837,10765,3780,5147,3803,894,64931,5070,4690,6141,3201,2405,6437,9162,2262
20210820,73719,10590,12876,10885,3802,5205,3833,907,65576,5098,4734,6217,3241,2428,6504,9252,2318
20210821,74244,10676,12910,10977,3829,5233,3860,909,66175,5138,4775,6292,3265,2443,6615,9331,2370
20210822,74741,10789,12961,11043,3851,5256,3896,910,66699,5153,4821,6343,3286,2452,6665,9388,2405
20210823,75129,10852,13018,11121,3884,5286,3933,921,67095,5179,4864,6411,3322,2462,6700,9442,2437
20210824,75565,10913,13091,11184,3896,5349,3959,928,67569,5196,4894,6471,3356,2471,6731,9511,2467
20210825,76242,10999,13192,11303,3919,5413,3997,944,68156,5242,4953,6547,3396,2479,6802,9615,2494
20210826,76812,11077,13287,11405,3948,5463,4037,954,68670,5268,4991,6639,3441,2487,6866,9683,2524
20210827,77368,11145,13377,11502,3962,5520,4057,963,69218,5325,5024,6699,3482,2503,6931,9756,2547
20210828,77937,11221,13453,11597,3982,5566,4079,975,69760,5366,5069,6762,3508,2529,6978,9809,2568
20210829,78454,11285,13510,11690,4004,5584,4115,977,70240,5401,5099,6839,3536,2557,7032,9862,2581
20210830,78896,11342,13595,11754,4034,5613,4151,985,70648,5430,5137,6899,3562,2586,7073,9924,2593
20210901,80016,11455,13701,11950,4090,5677,4246,1003,71720,5495,5201,7023,3614,2617,7144,10033,2612
20210902,80575,11526,13767,12073,4132,5738,4288,1010,72417,5522,5228,7118,3632,2630,7186,10087,2623
20210903,81117,11584,13819,12191,4175,5784,4323,1014,72937,5540,5258,7199,3660,2645,7232,10138,2633
20210904,81682,11635,13861,12289,4201,5834,4370,1022,73517,5585,5288,7298,3686,2675,7272,10190,2641
20210905,82190,11674,13881,12389,4240,5872,4411,1025,73965,5609,5305,7371,3700,2691,7314,10242,2648
20210906,82654,11726,13924,12472,4268,5902,4450,1029,74365,5634,5329,7433,3707,2695,7352,10299,2657
20210907,83136,11761,13962,12559,4302,5936,4497,1034,74846,5656,5365,7518,3737,2730,7397,10386,2662
20210908,83807,11792,14023,12679,4345,5975,4546,1042,75549,5689,5404,7602,3769,2752,7422,10456,2671
20210909,84474,11827,14073,12787,4367,6013,4616,1048,76192,5722,5437,7754,3795,2774,7455,10533,2694
20210910,85144,11865,14117,12907,4392,6061,4657,1053,76805,5755,5469,7833,3820,2795,7483,10578,2711
20210911,85803,11900,14162,13039,4413,6126,4688,1062,77377,5789,5499,7925,3837,2820,7517,10616,2717
20210912,86461,11943,14224,13187,4440,6171,4722,1066,77865,5808,5544,8004,3851,2831,7537,10662,2721
20210913,87017,11978,14255,13338,4454,6210,4739,1070,78267,5822,5579,8062,3861,2836,7562,10685,2725
20210914,87556,12016,14282,13462,4489,6251,4774,1091,78730,5843,5600,8121,3878,2837,7577,10707,2737
20210915,88364,12059,14309,13626,4527,6288,4805,1099,79420,5872,5637,8206,3894,2842,7599,10735,2743
20210916,89083,12117,14356,13763,4540,6324,4836,1106,80075,5908,5678,8256,3914,2850,7632,10768,2754
20210917,89829,12169,14394,13904,4561,6367,4853,1118,80733,5947,5715,8312,3950,2863,7670,10803,2763
20210918,90532,12221,14465,14051,4588,6411,4887,1130,81405,5995,5756,8385,4023,2870,7694,10846,2766
20210919,91273,12267,14512,14234,4610,6459,4917,1138,81952,6041,5791,8432,4043,2882,7735,10868,2772
20210920,91856,12314,14547,14330,4645,6508,4932,1147,82459,6069,5827,8466,4082,2888,7772,10900,2782
20210921,92532,12359,14593,14463,4685,6552,4948,1151,82961,6108,5854,8511,4112,2895,7799,10926,2789
20210922,93176,12397,14634,14611,4725,6568,4968,1155,83490,6141,5881,8573,4139,2918,7827,10955,2794
20210923,93821,12421,14687,14718,4761,6611,4991,1165,84038,6172,5906,8627,4179,2933,7848,10983,2803
20210924,94726,12451,14815,14858,4803,6682,5021,1179,84746,6215,5966,8702,4241,2950,7894,11021,2817
20210925,95948,12502,14933,15059,4833,6762,5047,1189,85848,6272,6026,8795,4306,2978,7952,11068,2832
20210926,96876,12548,15076,15232,4873,6815,5074,1197,86779,6319,6077,8870,4354,3003,8037,11141,2839
20210927,97654,12591,15191,15377,4901,6866,5094,1211,87534,6359,6140,8948,4397,3019,8108,11242,2848
20210928,98496,12620,15317,15500,4929,6920,5111,1215,88255,6385,6199,8996,4439,3037,8183,11309,2855
20210929,99547,12672,15426,15654,4957,6949,5138,1225,89245,6405,6283,9073,4480,3060,8271,11393,2860
20210930,100492,12721,15499,15802,4989,6985,5165,1239,90129,6437,6344,9133,4515,3084,8323,11460,2875
20211001,101406,12767,15584,15961,5017,7023,5189,1247,90954,6489,6383,9193,4547,3113,8383,11529,2884
20211002,102198,12809,15664,16077,5042,7058,5208,1258,91713,6522,6443,9244,4570,3135,8439,11637,2892
20211003,102933,12842,15722,16205,5064,7099,5226,1265,92391,6572,6487,9288,4599,3160,8536,11702,2897
20211004,103504,12879,15790,16325,5077,7137,5231,1268,92925,6609,6531,9330,4620,3173,8596,11749,2904
20211005,104025,12926,15840,16431,5092,7176,5243,1278,93422,6633,6575,9364,4643,3186,8653,11819,2909
20211006,104715,12964,15904,16564,5108,7207,5247,1283,94107,6664,6613,9433,4663,3199,8708,11939,2913
20211007,105549,13013,15950,16764,5121,7237,5261,1294,94962,6693,6687,9485,4687,3217,8763,12035,2922
20211008,106324,13047,15995,16892,5146,7268,5277,1304,95721,6726,6751,9545,4709,3234,8840,12090,2931
20211009,107036,13077,16045,17023,5164,7298,5290,1308,96359,6754,6815,9603,4728,3248,8879,12163,2957
20211010,107619,13108,16093,17118,5187,7308,5299,1312,96909,6772,6890,9634,4738,3253,8924,12202,2964
20211011,108130,13157,16138,17190,5201,7330,5310,1315,97268,6789,6950,9659,4758,3264,8954,12236,2972
20211012,108612,13182,16188,17271,5208,7353,5327,1321,97679,6817,7019,9716,4781,3281,8978,12253,2979
20211013,109195,13222,16254,17357,5222,7374,5334,1324,98188,6834,7107,9750,4794,3297,9019,12283,2990
20211014,109939,13269,16300,17499,5232,7380,5340,1327,98878,6856,7155,9797,4810,3316,9064,12318,2999
20211015,110620,13301,16338,17595,5238,7392,5348,1330,99489,6877,7203,9830,4821,3340,9098,12331,3009
20211016,111205,13323,16385,17698,5244,7401,5355,1331,100076,6896,7272,9869,4837,3364,9150,12348,3016
20211017,111710,13359,16425,17807,5253,7409,5359,1331,100567,6920,7312,9913,4852,3386,9178,12378,3021
20211018,112065,13394,16470,17892,5257,7414,5362,1333,100932,6928,7341,9946,4870,3395,9196,12407,3027
20211019,112363,13433,16505,17985,5260,7429,5362,1333,101333,6935,7383,9986,4884,3409,9238,12427,3032
20211020,112866,13468,16541,18094,5272,7438,5369,1336,101921,6962,7452,10029,4893,3418,9313,12460,3035
20211021,113372,13497,16567,18199,5287,7446,5370,1344,102447,6993,7509,10073,4903,3430,9348,12480,3041
20211022,113891,13541,16588,18320,5290,7451,5373,1345,102965,7011,7551,10100,4919,3445,9393,12514,3047
20211023,114442,13581,16609,18426,5299,7459,5379,1347,103483,7031,7597,10142,4938,3450,9428,12586,3050
20211024,114962,13613,16640,18529,5303,7467,5382,1347,104004,7044,7636,10206,4948,3459,9452,12613,3058
20211025,115417,13637,16672,18625,5306,7471,5386,1347,104405,7064,7678,10233,4972,3464,9468,12631,3069
20211026,115844,13670,16733,18699,5311,7484,5395,1353,104836,7089,7710,10273,5013,3470,9488,12660,3075
20211027,116572,13713,16772,18824,5320,7499,5403,1354,105575,7108,7739,10332,5043,3476,9530,12705,3082
20211028,117358,13765,16878,18961,5327,7505,5409,1356,106282,7130,7792,10414,5084,3488,9571,12740,3086
20211029,118128,13808,16995,19093,5332,7514,5413,1357,107044,7151,7827,10482,5140,3501,9613,12774,3090
20211030,118834,13853,17085,19216,5348,7521,5416,1361,107762,7176,7873,10538,5166,3513,9653,12947,3099
20211101,120240,13966,17199,19500,5376,7541,5433,1367,109027,7212,7921,10647,5213,3561,9736,13058,3102
20211102,120840,13994,17241,19613,5393,7569,5440,1372,109528,7241,7945,10716,5226,3595,9757,13112,3104
20211103,121843,14074,17307,19796,5405,7588,5447,1373,110427,7270,7993,10807,5269,3616,9788,13220,3121
20211104,122789,14133,17373,19967,5419,7605,5451,1373,111298,7309,8040,10895,5307,3633,9827,13256,3138
20211105,123769,14189,17416,20120,5431,7629,5456,1375,112040,7331,8075,11005,5323,3648,9911,13289,3145
20211106,124685,14248,17454,20264,5449,7650,5468,1377,112733,7373,8118,11070,5358,3688,9946,13362,3149
20211107,125533,14288,17509,20424,5469,7673,5469,1379,113436,7415,8172,11136,5380,3719,10040,13408,3163
20211108,126241,14322,17543,20522,5497,7695,5474,1380,113980,7445,8207,11198,5401,3736,10100,13448,3179
20211109,126901,14368,17587,20633,5508,7720,5478,1383,114508,7466,8224,11258,5413,3757,10148,13525,3199
20211110,127874,14442,17620,20792,5530,7743,5483,1387,115374,7489,8255,11316,5449,3764,10184,13585,3210
20211111,128878,14511,17662,20979,5562,7777,5503,1393,116195,7518,8289,11366,5488,3781,10217,13661,3224
20211112,129827,14574,17732,21099,5573,7802,5507,1399,116986,7548,8315,11425,5553,3796,10258,13729,3245
20211113,130831,14638,17805,21265,5604,7834,5508,1400,117634,7579,8338,11502,5611,3815,10293,13770,3260
20211114,131809,14720,17877,21421,5623,7852,5515,1402,118434,7610,8365,11556,5654,3841,10335,13814,3274
20211115,132668,14788,17926,21523,5649,7885,5519,1403,119036,7645,8383,11613,5692,3860,10369,13860,3284
20211116,133513,14875,17964,21654,5660,7920,5528,1409,119695,7696,8411,11655,5748,3889,10378,13905,3327
20211117,134948,14978,18020,21813,5694,7965,5542,1425,120658,7750,8439,11726,5798,3925,10404,13971,3350
20211118,136376,15068,18093,22008,5728,8001,5552,1435,121624,7812,8465,11808,5852,3965,10455,14069,3378
20211119,137777,15145,18140,22196,5752,8054,5556,1438,122473,7884,8485,11864,5876,4011,10504,14147,3409
20211120,139154,15231,18201,22400,5791,8086,5561,1445,123466,7943,8519,11938,5908,4077,10539,14226,3432
