,제주,경남,경북,전남,전북,충남,충북,강원,경기,세종,울산,대전,광주,인천,대구,부산,서울
2022년 01월 01일,13,92,166,38,105,147,109,102,1835,4,62,168,45,266,366,278,1813
2021년 12월 31일,13,91,161,37,105,144,109,102,1822,4,62,167,44,265,364,271,1786
2021년 12월 30일,13,87,152,37,99,141,108,100,1792,4,62,165,41,260,361,266,1751
2021년 12월 29일,13,85,150,37,99,135,108,99,1766,4,61,164,39,257,359,261,1729
2021년 12월 28일,13,85,149,37,99,133,108,99,1760,4,61,161,39,250,356,255,1721
2021년 12월 27일,13,85,149,37,98,131,107,99,1744,4,61,161,38,249,356,254,1698
2021년 12월 26일,13,85,148,34,98,128,107,98,1733,3,61,156,38,241,356,249,1681
2021년 12월 25일,13,82,145,34,97,125,106,97,1702,3,61,154,37,238,356,247,1663
2021년 12월 24일,13,81,143,34,97,123,105,97,1666,3,61,148,37,234,354,244,1615
2021년 12월 23일,13,79,140,34,97,122,105,97,1648,3,61,145,37,230,349,241,1598
2021년 12월 22일,13,77,135,32,97,122,104,96,1609,3,60,129,36,224,348,236,1569
2021년 12월 21일,13,76,133,32,95,122,102,95,1586,3,60,122,35,222,346,233,1537
2021년 12월 20일,13,74,132,31,94,119,101,94,1572,3,59,119,35,218,346,229,1521
2021년 12월 19일,12,70,132,30,93,118,101,93,1555,3,59,118,34,213,344,228,1503
2021년 12월 18일,11,67,131,30,92,115,101,91,1530,3,59,110,33,210,341,225,1479
2021년 12월 17일,11,67,131,30,91,112,99,90,1514,3,59,110,32,205,339,221,1461
2021년 12월 16일,10,67,128,30,89,110,98,89,1490,3,59,101,32,201,339,218,1438
2021년 12월 15일,10,66,127,29,87,108,98,88,1472,3,59,100,32,195,338,210,1418
2021년 12월 14일,10,66,126,29,87,103,97,86,1450,3,57,95,32,192,336,207,1395
2021년 12월 13일,10,65,124,29,86,101,97,84,1423,3,57,89,32,186,334,201,1356
2021년 12월 12일,10,65,121,29,85,99,96,84,1413,3,57,87,32,181,334,201,1340
2021년 12월 11일,10,64,120,29,85,94,96,82,1401,3,57,85,32,177,333,198,1328
2021년 12월 10일,10,64,116,28,85,91,96,81,1366,3,57,81,32,176,330,194,1304
2021년 12월 09일,10,63,116,28,84,90,96,80,1350,3,57,78,32,173,328,193,1280
2021년 12월 08일,9,63,115,28,83,87,95,79,1330,3,57,75,32,168,326,191,1263
2021년 12월 07일,9,63,115,27,80,87,95,78,1304,3,57,74,31,166,325,188,1239
2021년 12월 06일,9,62,112,27,79,84,95,78,1279,3,57,74,31,164,323,186,1214
2021년 12월 05일,9,62,111,27,78,84,95,76,1268,3,57,73,31,163,322,184,1193
2021년 12월 04일,9,58,111,27,78,84,93,75,1255,2,57,71,31,161,320,183,1178
2021년 12월 03일,9,56,110,27,76,83,92,75,1231,2,57,71,30,155,318,183,1148
2021년 12월 02일,9,56,110,27,76,80,92,75,1215,2,57,70,30,154,317,183,1136
2021년 12월 01일,9,56,110,26,76,78,92,74,1202,2,57,68,30,151,315,183,1113
2021년 11월 30일,9,56,109,26,75,77,92,73,1192,2,57,64,30,148,315,183,1100
2021년 11월 29일,9,56,108,26,74,77,91,72,1175,2,57,64,30,143,314,182,1084
2021년 11월 28일,9,56,106,25,73,77,90,72,1167,2,57,63,30,141,311,181,1072
2021년 11월 27일,9,52,105,25,73,76,90,72,1151,2,57,60,30,139,308,181,1046
2021년 11월 26일,9,52,103,25,72,76,90,71,1131,2,57,60,30,137,305,179,1025
2021년 11월 25일,9,52,102,25,72,76,89,71,1118,2,57,59,30,136,304,179,1004
2021년 11월 24일,9,50,100,25,72,76,89,71,1101,2,57,58,30,132,303,178,993
2021년 11월 23일,9,50,100,25,71,76,89,71,1091,2,57,57,30,131,302,178,973
2021년 11월 22일,9,48,100,25,70,75,89,70,1082,2,57,56,30,129,302,178,960
2021년 11월 21일,9,47,100,25,70,75,89,69,1072,2,57,56,30,127,300,178,952
2021년 11월 20일,9,47,100,25,70,74,89,69,1061,2,57,56,29,126,296,177,941
2021년 11월 19일,9,47,100,25,70,73,88,68,1054,2,57,56,29,125,295,175,926
2021년 11월 18일,9,46,99,25,70,72,88,68,1047,2,57,56,29,123,293,175,912
2021년 11월 17일,8,46,98,25,70,68,88,68,1043,2,57,56,29,121,291,174,898
2021년 11월 16일,7,46,98,25,69,68,88,68,1036,2,57,56,29,120,290,172,890
2021년 11월 15일,7,45,98,24,69,68,87,68,1030,2,57,56,29,119,290,171,879
2021년 11월 14일,7,45,98,24,69,68,87,68,1023,2,57,56,29,118,289,171,876
2021년 11월 13일,5,44,97,24,69,68,87,68,1018,2,57,56,29,118,285,171,869
2021년 11월 12일,5,44,96,22,69,68,87,68,1003,2,57,56,29,114,284,170,861
2021년 11월 11일,5,44,96,22,69,66,87,68,996,2,57,56,29,113,283,169,855
2021년 11월 10일,5,44,95,22,69,66,87,68,989,2,57,56,29,113,281,169,844
2021년 11월 09일,5,44,95,22,69,66,86,68,982,2,56,56,29,112,281,169,840
2021년 11월 08일,4,44,95,22,69,65,85,68,976,2,56,55,29,112,280,169,833
2021년 11월 07일,4,44,95,22,69,65,85,67,971,2,56,55,29,111,280,168,828
2021년 11월 06일,4,44,95,22,69,65,85,67,968,2,56,55,29,111,278,168,822
2021년 11월 05일,3,44,95,22,67,64,85,67,961,2,56,55,29,110,275,167,818
2021년 11월 04일,3,43,95,22,66,62,85,67,954,2,56,55,29,109,272,166,814
2021년 11월 03일,2,42,95,22,66,61,84,67,946,2,56,55,29,109,268,165,807
2021년 11월 02일,2,41,95,22,66,61,83,67,939,2,56,55,29,109,265,164,802
2021년 11월 01일,2,41,95,22,66,60,83,67,934,2,56,55,29,109,261,161,799
2021년 10월 31일,2,41,95,22,66,59,83,67,931,2,56,54,29,108,261,161,796
2021년 10월 30일,2,40,95,21,66,59,82,67,927,2,56,54,29,107,259,160,788
2021년 10월 29일,2,40,95,21,66,59,82,66,919,2,56,54,29,107,258,159,786
2021년 10월 28일,2,40,95,21,66,59,82,66,914,2,56,54,29,107,258,159,782
2021년 10월 27일,2,40,95,21,65,59,82,66,911,2,56,54,29,106,256,158,779
2021년 10월 26일,2,40,95,21,65,59,82,66,909,2,56,54,29,105,254,157,776
2021년 10월 25일,2,40,95,21,65,59,82,66,903,2,56,54,29,104,253,157,769
2021년 10월 24일,2,40,95,21,65,59,82,66,901,2,56,54,29,104,253,157,764
2021년 10월 23일,2,40,95,21,65,59,82,66,893,1,56,54,29,103,252,155,756
2021년 10월 22일,2,39,95,21,65,59,81,66,888,1,56,54,29,102,250,155,746
2021년 10월 21일,2,39,94,21,65,59,81,66,881,1,56,54,29,100,249,155,741
2021년 10월 20일,2,39,93,21,65,59,81,66,877,1,56,53,29,99,249,155,737
2021년 10월 19일,2,39,93,21,65,58,81,66,874,1,56,53,29,99,249,155,732
2021년 10월 18일,2,39,91,21,65,58,81,66,869,1,56,52,29,99,247,155,721
2021년 10월 17일,2,38,91,21,65,58,81,66,866,1,56,52,29,99,247,155,717
2021년 10월 16일,2,38,91,21,65,58,81,66,860,1,56,52,29,98,246,155,709
2021년 10월 15일,2,38,91,21,65,58,81,64,853,1,56,52,29,96,246,155,702
2021년 10월 14일,2,38,91,21,64,58,80,64,851,1,56,51,29,96,245,155,701
2021년 10월 13일,2,38,91,21,64,58,80,64,845,1,56,51,29,94,245,155,696
2021년 10월 12일,2,37,91,21,64,58,79,64,841,1,56,50,29,92,245,155,694
2021년 10월 11일,2,37,91,21,64,58,79,64,837,1,56,50,29,91,245,155,688
2021년 10월 10일,2,37,91,21,64,58,79,64,834,1,56,50,29,91,245,155,683
2021년 10월 09일,2,37,91,21,62,58,79,63,829,1,56,50,29,91,243,155,678
2021년 10월 08일,2,37,91,21,62,58,79,63,827,1,56,50,29,91,243,155,674
2021년 10월 07일,2,37,91,21,62,58,79,63,823,1,56,49,29,91,243,155,669
2021년 10월 06일,2,37,91,21,61,58,79,63,821,1,55,49,29,90,243,155,666
2021년 10월 05일,2,37,91,21,61,58,78,63,815,1,55,49,29,90,242,155,662
2021년 10월 04일,2,37,91,21,61,58,78,63,811,1,55,49,29,89,242,155,656
2021년 10월 03일,2,37,91,21,61,58,78,63,808,1,55,48,29,88,242,155,655
2021년 10월 02일,2,37,91,21,61,58,78,63,807,1,55,48,29,88,242,155,653
2021년 10월 01일,2,37,91,21,61,57,78,63,806,1,55,47,29,88,242,155,649
2021년 09월 30일,2,37,91,21,61,56,77,62,803,1,52,46,29,88,242,155,643
2021년 09월 29일,2,37,91,21,61,56,77,62,800,1,52,46,29,88,242,155,639
2021년 09월 28일,2,36,91,21,61,56,77,62,798,1,52,45,29,87,242,155,635
2021년 09월 27일,2,36,91,21,61,56,76,62,795,1,52,44,29,86,242,155,633
2021년 09월 26일,2,36,91,21,61,56,75,62,794,1,49,44,29,86,242,155,632
2021년 09월 25일,2,36,91,21,60,56,74,62,790,1,48,44,29,86,242,155,630
2021년 09월 24일,2,36,90,20,60,56,74,62,789,1,48,44,29,85,242,155,627
2021년 09월 23일,2,36,90,20,60,56,74,62,789,1,46,44,29,84,240,155,625
2021년 09월 22일,2,36,90,20,60,56,74,62,786,1,46,44,29,84,239,155,621
2021년 09월 21일,2,36,90,20,60,56,74,62,785,1,46,44,29,83,238,153,620
2021년 09월 20일,2,36,90,20,60,56,74,62,784,1,46,44,29,83,237,153,618
2021년 09월 19일,2,36,89,20,60,56,74,62,784,1,46,44,29,82,236,153,617
2021년 09월 18일,2,36,89,20,60,55,74,62,780,1,45,43,29,82,234,153,616
2021년 09월 17일,2,36,89,20,60,55,74,62,778,1,45,43,29,82,233,153,614
2021년 09월 16일,2,36,89,20,60,55,74,62,777,1,45,42,29,82,232,153,614
2021년 09월 15일,2,36,89,20,60,55,74,62,775,1,44,42,28,82,232,153,612
2021년 09월 14일,2,36,89,20,60,55,74,61,772,1,43,41,27,81,231,153,608
2021년 09월 13일,2,36,89,20,60,55,74,61,768,1,43,41,27,80,230,153,607
2021년 09월 12일,2,36,89,19,60,55,74,61,768,1,43,41,27,80,230,153,607
2021년 09월 11일,2,36,89,19,60,55,74,61,767,1,43,41,27,80,230,153,607
2021년 09월 10일,2,36,89,19,60,55,74,61,764,1,42,40,26,80,230,153,603
2021년 09월 09일,2,36,89,19,60,55,74,61,763,1,42,40,26,80,230,153,599
2021년 09월 08일,2,35,89,19,60,55,74,61,761,1,42,39,25,80,229,152,597
2021년 09월 07일,2,34,89,19,60,55,74,61,760,1,42,39,25,80,229,152,595
2021년 09월 06일,2,34,89,19,60,55,74,61,759,1,42,39,25,80,229,152,593
2021년 09월 05일,2,34,89,19,60,55,74,60,757,1,42,39,25,79,229,151,592
2021년 09월 04일,2,34,89,19,60,55,73,60,755,1,42,39,25,78,229,151,590
2021년 09월 03일,2,34,89,19,60,55,73,60,754,1,42,38,25,77,228,150,588
2021년 09월 02일,2,33,89,19,60,55,73,60,753,1,42,36,25,77,228,150,587
2021년 09월 01일,2,31,88,19,60,55,73,59,750,1,42,36,25,77,228,149,584
2021년 08월 31일,2,31,88,19,60,55,73,59,747,1,41,36,25,77,227,148,583
2021년 08월 30일,2,31,88,19,60,55,73,59,747,1,41,36,25,77,227,148,582
2021년 08월 29일,2,31,88,19,60,53,73,59,745,1,41,36,25,77,227,148,581
2021년 08월 28일,2,31,88,19,60,53,73,59,743,1,41,36,25,76,227,148,581
2021년 08월 27일,2,31,88,19,60,52,73,59,740,1,41,36,25,75,225,146,579
2021년 08월 26일,2,30,88,19,60,52,72,59,737,1,41,36,25,75,225,144,578
2021년 08월 25일,2,30,88,19,60,51,72,59,730,1,41,34,25,73,225,139,575
2021년 08월 24일,2,30,88,19,60,51,72,59,726,1,41,34,25,73,224,136,574
2021년 08월 23일,1,30,88,19,60,50,72,58,724,1,41,34,25,73,224,136,573
2021년 08월 22일,1,28,88,19,60,50,72,58,721,1,41,34,25,73,224,136,571
2021년 08월 21일,1,27,88,19,60,49,72,58,716,1,41,34,25,73,223,135,567
2021년 08월 20일,1,26,88,19,60,49,72,58,715,1,41,33,25,73,223,134,566
2021년 08월 19일,1,26,88,19,60,47,71,58,715,1,41,33,24,73,223,134,564
2021년 08월 18일,1,26,88,19,60,46,71,58,710,1,41,33,24,72,223,131,561
2021년 08월 17일,1,25,88,19,60,46,71,57,710,1,41,33,24,72,223,129,560
2021년 08월 16일,1,25,88,19,60,46,71,57,709,1,41,33,24,71,223,128,557
2021년 08월 15일,1,24,88,18,60,46,71,57,705,1,41,33,24,70,223,128,554
2021년 08월 14일,1,24,88,18,60,46,71,57,701,1,41,33,24,70,223,128,550
2021년 08월 13일,1,23,88,18,60,46,71,57,700,1,41,32,24,70,223,128,549
2021년 08월 12일,1,23,88,18,60,46,71,57,698,1,41,31,24,70,223,128,546
2021년 08월 11일,1,23,88,18,60,46,71,57,696,1,41,31,24,69,223,128,546
2021년 08월 10일,1,23,88,18,60,46,71,57,696,1,41,31,24,69,223,128,545
2021년 08월 09일,1,23,87,18,60,46,71,57,692,1,41,31,24,67,223,128,543
2021년 08월 08일,1,23,87,18,60,46,71,57,690,1,41,31,24,66,223,128,542
2021년 08월 07일,1,23,87,18,60,46,71,57,688,1,41,31,24,66,222,128,540
2021년 08월 06일,1,23,87,17,60,46,71,57,687,1,41,30,24,66,222,128,540
2021년 08월 05일,1,23,87,17,60,45,71,56,686,1,41,30,24,66,222,128,539
2021년 08월 04일,1,23,87,17,60,45,71,56,685,1,41,30,24,66,222,128,537
2021년 08월 03일,1,23,87,17,60,45,71,56,684,1,41,30,24,65,222,128,537
2021년 08월 02일,1,22,87,17,60,45,71,56,684,1,41,30,24,64,222,128,535
2021년 08월 01일,1,22,87,17,60,45,71,55,684,1,41,30,24,64,222,128,535
2021년 07월 31일,1,22,87,17,60,45,71,55,683,1,41,30,24,64,222,128,534
2021년 07월 30일,1,22,87,17,60,45,71,55,682,1,41,29,24,62,222,128,532
2021년 07월 29일,1,22,87,17,60,45,71,55,681,1,41,29,24,61,222,127,532
2021년 07월 28일,1,22,87,17,60,45,71,55,680,1,41,29,24,61,222,127,531
2021년 07월 27일,1,22,87,17,60,45,71,55,679,1,41,28,24,61,222,127,529
2021년 07월 26일,1,22,87,17,60,45,71,55,678,1,41,28,24,61,222,127,529
2021년 07월 25일,1,22,87,17,60,44,71,55,674,1,41,28,24,61,222,127,529
2021년 07월 24일,1,22,87,17,60,44,71,55,673,1,40,28,24,61,222,127,528
2021년 07월 23일,1,22,87,17,60,44,71,54,672,1,40,28,24,61,222,127,528
2021년 07월 22일,1,22,87,17,60,44,71,54,669,1,40,28,24,61,222,127,528
2021년 07월 21일,1,22,87,17,60,44,71,54,666,1,40,28,24,61,222,127,528
2021년 07월 20일,1,22,87,17,60,44,71,54,666,1,40,28,24,61,222,127,527
2021년 07월 19일,1,22,87,17,60,44,71,54,666,1,40,28,24,61,222,127,527
2021년 07월 18일,1,22,87,17,60,44,71,53,666,1,40,28,24,61,222,127,527
2021년 07월 17일,1,22,87,17,60,44,71,53,664,1,40,28,24,61,222,127,527
2021년 07월 16일,1,22,87,17,60,44,71,53,663,1,40,28,24,61,222,127,525
2021년 07월 15일,1,22,87,17,60,44,71,53,663,1,40,28,24,61,222,126,525
2021년 07월 14일,1,22,87,17,60,44,71,53,662,1,40,28,24,61,222,126,524
2021년 07월 13일,1,22,86,17,60,44,71,53,662,1,40,28,24,61,222,126,523
2021년 07월 12일,1,22,86,17,60,43,71,53,661,1,40,28,24,61,222,126,523
2021년 07월 11일,1,22,86,17,60,43,71,53,660,1,40,28,24,61,222,126,523
2021년 07월 10일,1,21,86,17,60,43,71,53,659,1,40,27,24,61,222,126,521
2021년 07월 09일,1,21,86,17,60,43,71,53,659,1,40,27,24,61,222,126,519
2021년 07월 08일,1,21,86,17,59,43,71,53,659,1,40,27,24,61,222,126,518
2021년 07월 07일,1,21,86,17,59,43,71,53,658,1,40,27,24,61,222,126,518
2021년 07월 06일,1,21,86,16,59,43,71,53,658,1,40,27,24,61,222,126,518
2021년 07월 05일,1,21,86,16,59,43,71,53,656,1,40,27,24,61,222,125,517
2021년 07월 04일,1,21,86,16,59,43,71,53,655,1,40,27,24,61,222,125,516
2021년 07월 03일,1,21,86,16,59,43,71,53,654,1,40,27,24,61,222,125,516
2021년 07월 02일,1,21,86,16,59,43,71,53,654,1,40,27,24,61,222,125,515
2021년 07월 01일,1,20,86,16,59,43,70,53,654,1,40,27,24,61,222,125,514
2021년 06월 30일,1,20,86,15,59,43,70,53,654,1,40,27,24,61,222,124,513
2021년 06월 29일,1,20,86,15,59,42,70,53,654,1,40,27,24,61,222,124,513
2021년 06월 28일,1,20,86,15,59,42,70,53,652,1,40,27,24,61,222,124,513
2021년 06월 27일,1,20,86,15,59,42,70,52,652,1,40,27,24,61,222,124,512
2021년 06월 26일,1,20,86,15,58,42,70,52,652,1,40,27,24,61,222,124,512
2021년 06월 25일,1,20,86,15,58,41,70,52,651,1,40,27,24,61,222,124,511
2021년 06월 24일,1,20,86,15,58,41,70,52,651,1,40,27,24,61,222,124,510
2021년 06월 23일,1,20,86,15,58,41,70,52,650,1,40,27,24,61,222,124,510
2021년 06월 22일,1,20,86,15,58,41,70,52,650,1,40,27,24,61,222,124,509
2021년 06월 21일,1,20,86,15,58,41,69,52,650,1,40,27,24,61,222,124,508
2021년 06월 20일,1,20,86,15,58,41,69,52,650,1,40,27,23,61,222,124,507
2021년 06월 19일,1,20,86,15,58,41,69,51,649,1,40,25,23,61,222,124,506
2021년 06월 18일,1,20,86,15,58,41,69,51,649,1,40,25,23,61,222,124,505
2021년 06월 17일,1,20,86,15,58,41,69,51,648,1,40,25,23,61,222,124,504
2021년 06월 16일,1,20,86,15,58,41,69,51,648,1,40,25,23,61,222,124,503
2021년 06월 15일,1,20,86,15,58,41,69,51,648,1,40,25,23,61,222,124,502
2021년 06월 14일,1,20,86,15,58,39,69,51,648,1,40,25,22,61,222,124,501
2021년 06월 13일,1,19,86,15,58,39,68,51,647,1,40,25,22,61,222,124,501
2021년 06월 12일,1,19,86,15,58,39,68,51,646,1,40,25,22,61,222,124,499
2021년 06월 11일,1,19,86,15,58,39,68,51,645,1,40,25,22,61,222,124,499
2021년 06월 10일,1,19,86,15,58,39,68,51,643,1,40,25,22,61,222,124,499
2021년 06월 09일,1,19,85,15,58,39,68,51,643,1,40,24,22,61,222,124,499
2021년 06월 08일,1,19,85,15,58,39,68,51,642,1,40,24,22,61,222,124,498
2021년 06월 07일,1,19,85,15,58,39,68,51,642,1,40,24,22,61,222,124,497
2021년 06월 06일,1,19,85,15,58,39,68,51,641,1,40,24,22,61,222,124,497
2021년 06월 05일,1,19,85,15,58,39,68,51,641,1,40,24,22,61,222,124,496
2021년 06월 04일,1,19,85,15,58,39,68,51,639,1,40,24,22,61,222,124,496
2021년 06월 03일,1,19,85,15,58,39,68,51,639,1,40,24,22,61,222,124,495
2021년 06월 02일,1,19,85,15,58,39,68,51,639,1,40,24,22,61,222,124,492
2021년 06월 01일,1,19,85,15,58,39,68,51,639,1,40,24,22,61,221,124,491
2021년 05월 31일,1,19,85,15,58,39,68,51,638,1,40,24,22,61,221,124,488
2021년 05월 30일,1,19,85,14,58,39,68,51,637,1,40,24,22,61,221,124,488
2021년 05월 29일,1,19,85,14,58,38,68,51,634,1,40,24,22,61,221,124,486
2021년 05월 28일,1,19,85,14,58,37,68,51,631,1,40,24,22,61,221,124,485
2021년 05월 27일,1,19,85,14,58,37,68,51,631,1,40,24,22,61,221,124,482
2021년 05월 26일,1,19,84,14,58,37,68,51,630,1,40,24,22,61,221,124,481
2021년 05월 25일,1,19,84,13,58,37,68,51,630,1,40,24,22,61,221,124,480
2021년 05월 24일,1,19,83,12,58,37,68,51,628,1,40,24,22,61,221,124,480
2021년 05월 23일,1,19,82,12,58,37,68,50,627,1,40,24,22,61,221,124,480
2021년 05월 22일,1,19,82,12,58,37,68,50,625,1,39,23,22,61,221,123,480
2021년 05월 21일,1,19,82,12,58,37,68,50,624,1,39,22,22,60,221,123,479
2021년 05월 20일,1,19,81,12,58,37,68,50,623,1,39,22,22,60,221,123,475
2021년 05월 19일,1,19,81,12,58,37,68,50,621,1,39,21,22,60,221,123,474
2021년 05월 18일,1,19,81,12,58,36,68,50,617,1,39,21,22,60,221,122,472
2021년 05월 17일,1,19,80,12,58,36,68,50,617,1,39,21,22,60,221,122,472
2021년 05월 16일,1,19,79,12,58,36,68,50,617,1,39,20,22,60,221,122,471
2021년 05월 15일,1,19,79,12,58,36,68,50,616,1,39,20,22,60,221,122,468
2021년 05월 14일,1,19,79,12,58,36,67,50,615,1,38,20,22,60,221,122,468
2021년 05월 13일,1,19,79,12,58,36,66,50,614,1,38,20,22,60,221,122,468
2021년 05월 12일,1,19,79,11,58,36,65,50,611,1,38,20,22,60,221,122,466
2021년 05월 11일,1,19,79,11,58,36,65,50,608,1,38,20,22,60,221,122,464
2021년 05월 10일,1,19,78,11,58,36,65,50,607,1,38,20,22,60,221,122,462
2021년 05월 09일,1,19,78,11,58,36,65,50,606,1,38,20,22,60,221,122,462
2021년 05월 08일,1,19,78,11,58,36,65,50,602,1,38,19,22,59,221,122,459
2021년 05월 07일,1,19,78,11,58,36,64,50,601,1,38,18,22,59,221,122,457
2021년 05월 06일,1,19,78,11,58,36,64,50,597,1,38,17,22,59,221,122,453
2021년 05월 05일,1,19,78,11,58,36,64,50,594,1,38,17,22,59,221,122,452
2021년 05월 04일,1,18,78,10,58,36,64,50,589,1,38,17,22,59,221,122,452
2021년 05월 03일,1,17,78,10,58,36,64,50,585,1,38,17,22,59,221,122,451
2021년 05월 02일,1,17,78,10,58,36,64,50,584,1,38,17,22,59,221,122,451
2021년 05월 01일,1,17,78,10,58,36,64,50,583,1,38,17,22,59,221,122,450
2021년 04월 30일,1,17,78,10,58,36,64,50,582,1,38,17,22,59,221,122,448
2021년 04월 29일,1,17,78,10,58,36,64,50,581,1,38,17,22,59,220,122,447
2021년 04월 28일,1,17,78,10,58,36,64,50,579,1,38,17,22,59,220,122,445
2021년 04월 27일,1,17,78,10,58,36,64,50,578,1,38,17,22,59,220,122,445
2021년 04월 26일,1,17,78,10,58,36,64,50,577,1,38,17,21,59,220,121,445
2021년 04월 25일,1,17,78,10,58,36,64,50,575,1,38,17,21,59,219,121,444
2021년 04월 24일,1,17,77,10,58,36,64,50,575,1,38,17,21,59,219,121,444
2021년 04월 23일,1,17,77,10,58,36,64,50,575,1,37,17,21,59,219,121,444
2021년 04월 22일,1,17,77,10,58,36,64,50,574,1,37,16,21,59,219,121,443
2021년 04월 21일,1,17,77,10,58,36,64,50,573,1,37,16,21,58,219,121,443
2021년 04월 20일,1,17,77,10,57,36,63,50,571,1,37,16,21,58,219,121,443
2021년 04월 19일,1,17,77,10,57,36,63,50,570,1,37,16,21,58,219,121,443
2021년 04월 18일,1,17,77,10,57,36,62,50,567,1,37,16,21,58,219,121,443
2021년 04월 17일,1,17,77,10,57,36,61,50,565,1,37,16,21,58,219,121,443
2021년 04월 16일,1,17,77,10,57,36,61,50,563,1,37,16,21,58,219,120,442
2021년 04월 15일,1,17,77,10,57,36,61,50,563,1,37,16,21,58,219,120,440
2021년 04월 14일,1,17,76,10,57,36,61,49,561,1,37,16,21,58,219,120,438
2021년 04월 13일,1,17,76,8,57,36,61,48,558,1,37,16,21,58,219,120,437
2021년 04월 12일,1,17,76,8,57,36,61,48,556,1,37,16,21,58,218,120,435
2021년 04월 11일,1,17,76,8,57,36,61,48,555,1,37,16,21,58,218,120,434
2021년 04월 10일,1,17,76,8,57,35,61,48,553,1,37,16,21,58,218,120,434
2021년 04월 09일,1,17,76,8,57,35,61,48,553,1,37,16,21,58,218,119,434
2021년 04월 08일,1,17,76,8,57,35,61,48,550,1,37,16,21,58,218,119,431
2021년 04월 07일,1,16,76,8,57,35,61,48,549,1,37,16,21,58,218,119,431
2021년 04월 06일,1,16,76,8,57,35,61,48,547,1,37,16,21,58,218,119,429
2021년 04월 05일,1,16,76,8,57,35,61,48,544,1,37,16,21,57,218,119,429
2021년 04월 04일,1,16,76,8,57,35,61,47,541,1,37,16,21,57,218,119,429
2021년 04월 03일,1,16,76,8,57,35,61,47,539,1,37,16,21,57,218,119,427
2021년 04월 02일,1,16,75,8,57,35,61,47,539,1,37,16,21,57,218,118,426
2021년 04월 01일,1,16,75,8,57,35,61,47,538,1,37,16,21,57,218,118,425
2021년 03월 31일,1,15,75,8,57,35,61,47,537,1,37,16,21,57,217,118,424
2021년 03월 30일,1,15,75,8,57,35,61,46,536,1,37,16,21,57,217,118,424
2021년 03월 29일,1,15,75,8,56,35,61,46,535,1,37,16,21,57,217,118,423
2021년 03월 28일,1,15,75,8,56,35,60,45,534,1,37,16,21,57,216,118,423
2021년 03월 27일,1,15,75,8,56,35,60,45,534,1,37,16,21,57,216,118,422
2021년 03월 26일,1,14,75,8,56,35,60,44,533,1,37,16,21,57,216,118,420
2021년 03월 25일,1,14,75,8,56,35,60,44,530,1,37,16,21,57,216,116,418
2021년 03월 24일,1,14,75,8,56,35,60,43,530,1,37,16,21,57,216,116,417
2021년 03월 23일,1,14,75,8,56,35,60,43,530,1,37,15,21,57,216,116,415
2021년 03월 22일,1,14,75,8,56,35,60,43,526,1,37,15,21,56,215,115,415
2021년 03월 21일,1,14,75,8,56,35,60,43,526,1,37,15,21,56,215,115,414
2021년 03월 20일,1,14,75,8,56,35,60,43,524,1,37,15,21,56,215,115,413
2021년 03월 19일,1,14,73,8,56,35,60,43,523,1,37,15,21,56,215,115,413
2021년 03월 18일,1,14,73,8,56,35,60,42,523,1,37,15,21,56,215,115,412
2021년 03월 17일,1,14,73,8,56,35,60,42,521,1,37,15,21,56,215,115,412
2021년 03월 16일,1,14,72,8,56,35,60,42,518,1,37,15,21,56,215,114,409
2021년 03월 15일,1,14,72,8,56,35,60,42,517,1,37,15,21,56,215,114,407
2021년 03월 14일,1,14,72,8,56,35,60,42,515,1,37,15,21,55,215,114,404
2021년 03월 13일,1,14,72,8,56,35,60,42,515,1,37,15,21,55,215,113,403
2021년 03월 12일,1,14,72,8,56,35,60,42,514,1,37,15,21,55,214,113,400
2021년 03월 11일,1,14,71,8,56,35,60,42,510,1,37,15,21,54,214,110,399
2021년 03월 10일,1,14,71,8,56,35,59,42,508,1,37,15,21,54,214,110,398
2021년 03월 09일,1,14,71,8,56,35,58,42,508,1,37,15,21,54,214,110,396
2021년 03월 08일,1,14,71,8,56,35,58,42,507,1,37,15,21,53,214,109,396
2021년 03월 07일,1,14,71,8,55,35,58,42,502,1,37,15,21,53,214,109,394
2021년 03월 06일,1,13,71,8,55,35,58,42,502,1,37,15,21,53,214,109,393
2021년 03월 05일,1,13,71,8,55,35,58,42,500,1,37,15,21,53,214,108,391
2021년 03월 04일,1,13,71,8,55,35,58,41,496,1,37,15,21,53,214,108,388
2021년 03월 03일,1,12,71,8,55,35,58,41,494,1,37,15,21,52,214,108,385
2021년 03월 02일,1,12,71,8,55,35,58,41,493,1,37,15,21,52,213,108,381
2021년 03월 01일,1,11,71,8,55,35,58,41,493,1,37,15,21,52,213,108,381
2021년 02월 28일,1,11,71,8,55,35,58,41,492,1,37,15,21,52,213,108,380
2021년 02월 27일,1,11,71,8,55,35,58,41,487,1,37,15,21,52,213,108,378
2021년 02월 26일,1,10,71,8,55,35,58,41,484,1,37,15,21,52,213,105,375
2021년 02월 25일,1,10,71,8,55,35,58,41,482,1,37,15,21,52,213,105,373
2021년 02월 24일,1,10,71,8,54,35,58,41,481,1,37,15,20,52,213,104,372
2021년 02월 23일,1,10,70,8,54,35,58,41,480,1,37,15,20,52,213,104,371
2021년 02월 22일,1,10,70,8,54,35,58,38,477,1,37,15,19,52,213,102,369
2021년 02월 21일,1,10,70,8,54,34,58,38,477,1,37,15,19,52,213,102,365
2021년 02월 20일,1,10,70,8,54,34,58,37,474,1,37,15,19,52,213,102,365
2021년 02월 19일,1,10,70,8,54,34,58,37,473,1,37,15,19,52,212,102,364
2021년 02월 18일,1,10,70,8,54,34,58,36,471,1,37,15,19,52,212,101,362
2021년 02월 17일,1,10,70,8,54,33,58,36,470,1,37,15,19,51,211,101,360
2021년 02월 16일,1,10,70,8,53,33,58,36,468,1,37,15,19,51,211,101,359
2021년 02월 15일,1,10,70,7,53,33,57,36,466,1,37,15,19,51,211,101,356
2021년 02월 14일,1,10,70,7,53,33,57,36,463,1,37,15,19,51,211,100,355
2021년 02월 13일,1,10,70,7,53,33,57,35,459,1,37,15,19,51,211,100,352
2021년 02월 12일,1,10,70,7,53,33,57,34,456,1,37,15,19,51,211,98,351
2021년 02월 11일,1,10,70,7,52,33,57,34,451,1,37,15,19,51,211,97,347
2021년 02월 10일,0,10,70,7,51,33,57,34,448,1,37,15,19,51,211,96,343
2021년 02월 09일,0,10,70,7,51,33,57,34,446,1,37,15,19,51,211,96,341
2021년 02월 08일,0,10,70,7,51,33,57,33,442,1,37,14,19,51,211,96,339
2021년 02월 07일,0,10,70,7,50,33,57,33,442,1,37,14,19,51,210,96,338
2021년 02월 06일,0,10,70,7,50,33,57,33,440,1,37,14,19,51,210,96,333
2021년 02월 05일,0,10,70,7,50,33,55,33,439,1,37,14,18,51,210,96,332
2021년 02월 04일,0,10,68,7,50,33,55,33,434,1,37,14,18,51,210,95,329
2021년 02월 03일,0,10,68,7,50,33,55,33,432,1,36,14,18,50,209,95,327
2021년 02월 02일,0,10,68,7,50,33,55,33,429,1,36,13,18,50,209,94,326
2021년 02월 01일,0,9,68,7,47,33,55,32,426,1,36,13,18,50,208,94,325
2021년 01월 31일,0,9,68,7,46,33,55,32,425,1,36,13,18,50,207,93,324
2021년 01월 30일,0,9,67,7,45,33,55,32,425,1,36,13,17,48,207,93,323
2021년 01월 29일,0,9,66,7,44,33,54,30,422,1,36,13,17,48,207,92,317
2021년 01월 28일,0,9,66,6,44,33,53,30,418,1,36,13,17,48,207,91,311
2021년 01월 27일,0,9,65,6,44,33,53,30,418,1,36,13,17,47,207,89,307
2021년 01월 26일,0,9,65,6,42,33,53,30,417,1,36,13,16,47,207,89,304
2021년 01월 25일,0,7,64,6,42,33,53,30,414,1,36,13,16,46,207,88,301
2021년 01월 24일,0,7,64,6,42,32,52,30,410,1,36,13,16,46,206,88,297
2021년 01월 23일,0,7,64,6,42,32,51,29,407,1,36,12,15,45,206,87,294
2021년 01월 22일,0,7,64,6,41,31,50,29,405,1,36,12,15,45,206,87,290
2021년 01월 21일,0,7,64,6,41,31,48,29,403,1,36,12,14,44,206,86,285
2021년 01월 20일,0,7,64,6,40,30,47,28,399,1,36,12,14,44,206,85,279
2021년 01월 19일,0,7,64,6,34,30,46,27,393,1,36,12,13,44,206,85,277
2021년 01월 18일,0,7,64,6,34,30,44,25,389,1,36,12,12,42,205,84,271
2021년 01월 17일,0,7,64,6,34,30,41,24,384,1,36,12,12,42,205,84,265
2021년 01월 16일,0,7,64,6,33,29,38,24,380,1,36,12,12,42,204,84,262
2021년 01월 15일,0,7,63,6,30,28,38,24,376,1,36,12,12,41,204,83,254
2021년 01월 14일,0,6,63,6,30,28,37,24,367,1,34,11,10,40,203,81,252
2021년 01월 13일,0,6,62,6,30,28,37,23,364,1,34,11,10,40,203,78,250
2021년 01월 12일,0,6,62,6,26,28,37,21,357,1,33,10,10,38,203,77,248
2021년 01월 11일,0,6,62,6,26,27,36,20,350,1,32,10,10,37,203,74,238
2021년 01월 10일,0,5,62,6,26,27,36,20,345,1,32,10,10,36,203,74,230
2021년 01월 09일,0,5,62,6,24,27,36,18,335,1,32,10,9,36,203,71,223
2021년 01월 08일,0,5,62,6,22,27,35,18,326,1,32,8,9,34,203,68,223
2021년 01월 07일,0,5,62,6,21,25,34,17,312,1,32,7,8,34,203,64,213
2021년 01월 06일,0,5,62,6,21,25,33,17,304,1,31,7,7,33,203,63,207
2021년 01월 05일,0,5,62,6,18,25,32,17,295,1,31,7,7,32,203,60,204
2021년 01월 04일,0,5,62,5,16,25,28,17,292,1,30,7,7,30,203,58,193
2021년 01월 03일,0,5,62,5,13,24,28,15,286,1,29,7,7,30,202,57,189
2021년 01월 02일,0,5,62,5,11,24,28,13,281,1,27,7,6,29,202,53,186
2021년 01월 01일,0,4,62,5,11,23,24,13,271,1,26,7,6,29,201,50,182
2020년 12월 31일,0,4,61,5,11,23,23,13,263,1,26,7,6,27,201,50,177
2020년 12월 30일,0,4,61,5,11,22,23,13,253,1,26,7,6,26,201,46,172
2020년 12월 29일,0,4,61,5,11,22,21,13,242,1,26,7,6,25,201,45,167
2020년 12월 28일,0,4,61,5,8,22,20,13,221,0,26,7,6,24,201,40,159
2020년 12월 27일,0,4,61,5,8,22,20,13,217,0,25,6,5,24,201,38,157
2020년 12월 26일,0,4,61,5,8,22,19,13,212,0,24,6,5,23,201,34,155
2020년 12월 25일,0,3,61,5,8,22,18,13,207,0,24,6,4,21,201,31,148
2020년 12월 24일,0,3,61,5,7,21,15,13,201,0,22,6,4,21,200,29,147
2020년 12월 23일,0,3,61,5,7,20,15,13,191,0,20,6,4,20,200,28,145
2020년 12월 22일,0,3,61,5,7,19,15,13,181,0,17,6,3,19,200,28,144
2020년 12월 21일,0,3,61,5,7,18,13,13,173,0,16,6,3,15,200,28,136
2020년 12월 20일,0,2,60,5,6,17,11,13,164,0,14,6,3,15,200,27,130
2020년 12월 19일,0,2,60,5,5,17,9,13,155,0,14,6,3,14,200,27,128
2020년 12월 18일,0,2,59,4,4,16,7,13,153,0,11,6,3,14,200,26,126
2020년 12월 17일,0,2,59,4,4,15,7,13,151,0,8,6,3,14,200,22,125
2020년 12월 16일,0,2,59,4,3,13,4,12,144,0,6,6,3,14,200,21,120
2020년 12월 15일,0,2,59,4,2,13,4,12,138,0,6,6,3,14,200,21,115
2020년 12월 14일,0,2,59,4,2,11,3,12,135,0,4,6,3,13,200,20,112
2020년 12월 13일,0,2,58,4,2,10,3,12,135,0,4,6,3,12,200,19,109
2020년 12월 12일,0,2,58,4,2,10,3,11,134,0,4,6,3,12,200,19,109
2020년 12월 11일,0,2,57,4,2,10,3,11,133,0,4,6,3,12,200,18,106
2020년 12월 10일,0,1,57,4,2,10,3,10,130,0,2,6,3,12,200,18,105
2020년 12월 09일,0,1,57,2,2,10,3,10,127,0,2,6,3,11,200,16,105
2020년 12월 08일,0,1,57,2,2,10,3,9,126,0,2,6,3,11,200,16,104
2020년 12월 07일,0,1,57,2,2,10,3,9,125,0,2,6,3,11,200,16,102
2020년 12월 06일,0,1,57,2,2,10,3,8,123,0,2,6,3,11,200,16,101
2020년 12월 05일,0,1,57,2,2,10,3,6,121,0,2,6,3,11,200,16,100
2020년 12월 04일,0,1,57,2,2,10,3,6,120,0,2,6,3,11,200,16,97
2020년 12월 03일,0,1,57,2,2,9,3,6,116,0,2,6,3,11,200,16,95
2020년 12월 02일,0,1,57,2,2,9,3,6,116,0,2,6,3,11,199,16,93
2020년 12월 01일,0,1,57,2,2,9,3,6,116,0,2,6,3,11,199,16,93
2020년 11월 30일,0,1,57,2,2,9,3,6,116,0,2,6,3,11,199,16,93
2020년 11월 29일,0,1,57,2,2,8,3,6,116,0,2,6,3,11,199,15,92
2020년 11월 28일,0,1,57,2,2,8,3,6,116,0,2,6,3,11,199,15,91
2020년 11월 27일,0,1,57,2,2,8,3,6,113,0,2,6,3,11,199,15,88
2020년 11월 26일,0,1,57,2,2,8,3,6,112,0,2,6,3,11,199,15,88
2020년 11월 25일,0,1,57,2,2,8,3,6,111,0,2,6,3,11,199,15,87
2020년 11월 24일,0,1,57,2,1,8,3,6,110,0,2,6,3,11,198,15,87
2020년 11월 23일,0,1,57,2,1,8,3,6,110,0,2,6,3,11,198,15,86
2020년 11월 22일,0,0,57,2,1,8,3,5,110,0,2,6,3,11,197,15,85
2020년 11월 21일,0,0,57,2,1,8,3,5,108,0,2,6,3,11,197,15,85
2020년 11월 20일,0,0,57,2,1,8,3,5,108,0,2,6,3,11,196,15,84
2020년 11월 19일,0,0,57,2,1,8,3,5,106,0,2,6,3,11,196,15,83
2020년 11월 18일,0,0,57,2,1,8,3,5,105,0,2,6,3,11,196,15,82
2020년 11월 17일,0,0,57,2,1,8,3,4,105,0,2,6,3,11,196,15,81
2020년 11월 16일,0,0,57,2,1,8,3,4,105,0,2,6,3,11,196,15,81
2020년 11월 15일,0,0,57,2,1,8,3,4,104,0,2,6,3,11,196,15,81
2020년 11월 14일,0,0,57,2,1,8,3,4,104,0,2,6,3,11,196,15,80
2020년 11월 13일,0,0,57,2,1,8,3,3,102,0,2,6,3,11,196,15,79
2020년 11월 12일,0,0,57,2,1,8,3,3,101,0,2,6,3,11,196,15,79
2020년 11월 11일,0,0,57,2,1,8,3,3,101,0,2,6,3,11,196,15,79
2020년 11월 10일,0,0,57,2,1,8,3,3,99,0,2,6,3,11,196,15,79
2020년 11월 09일,0,0,57,2,1,8,3,3,96,0,2,6,3,11,196,14,78
2020년 11월 08일,0,0,57,2,1,8,3,3,95,0,2,6,3,11,196,13,78
2020년 11월 07일,0,0,57,2,1,8,3,3,94,0,2,6,3,11,196,13,78
2020년 11월 06일,0,0,57,2,1,8,3,3,93,0,2,6,3,11,196,13,78
2020년 11월 05일,0,0,57,2,1,8,3,3,92,0,2,6,3,11,196,13,78
2020년 11월 04일,0,0,57,2,1,8,3,3,91,0,2,6,3,11,196,13,78
2020년 11월 03일,0,0,57,2,1,8,3,3,91,0,2,6,3,11,196,11,78
2020년 11월 02일,0,0,57,2,0,8,2,3,90,0,2,6,3,11,196,10,78
2020년 11월 01일,0,0,57,2,0,8,2,3,89,0,2,6,3,11,196,9,78
2020년 10월 31일,0,0,57,2,0,8,2,3,89,0,2,6,3,10,196,8,78
2020년 10월 30일,0,0,57,2,0,8,2,3,89,0,2,6,3,10,196,7,78
2020년 10월 29일,0,0,57,2,0,8,2,3,89,0,2,6,3,9,196,7,78
2020년 10월 28일,0,0,57,2,0,8,2,3,89,0,2,6,3,9,196,7,77
2020년 10월 27일,0,0,57,2,0,8,2,3,89,0,2,6,3,9,196,7,76
2020년 10월 26일,0,0,57,2,0,8,2,3,89,0,2,5,3,9,196,7,74
2020년 10월 25일,0,0,57,2,0,8,2,3,89,0,2,5,3,9,196,7,74
2020년 10월 24일,0,0,57,2,0,8,2,3,89,0,2,5,3,9,196,7,74
2020년 10월 23일,0,0,57,2,0,7,2,3,88,0,2,5,3,9,196,7,74
2020년 10월 22일,0,0,56,2,0,7,2,3,88,0,2,5,3,9,196,6,74
2020년 10월 21일,0,0,56,2,0,7,2,3,88,0,2,5,3,9,196,6,71
2020년 10월 20일,0,0,56,2,0,7,2,3,87,0,2,5,3,9,196,6,69
2020년 10월 19일,0,0,56,2,0,7,1,3,86,0,2,5,3,8,196,6,69
2020년 10월 18일,0,0,56,2,0,7,1,3,86,0,2,5,3,8,196,6,69
2020년 10월 17일,0,0,56,2,0,7,1,3,86,0,2,5,3,8,196,6,68
2020년 10월 16일,0,0,56,2,0,6,1,3,86,0,2,5,3,8,196,6,67
2020년 10월 15일,0,0,56,2,0,6,1,3,86,0,2,5,3,8,196,5,66
2020년 10월 14일,0,0,56,2,0,6,1,3,86,0,2,5,3,8,196,4,66
2020년 10월 13일,0,0,56,2,0,6,1,3,83,0,2,5,3,8,196,4,65
2020년 10월 12일,0,0,56,2,0,6,1,3,83,0,2,5,3,8,196,4,64
2020년 10월 11일,0,0,56,2,0,6,1,3,82,0,2,5,3,8,196,4,64
2020년 10월 10일,0,0,56,2,0,6,1,3,81,0,2,5,3,8,196,4,63
2020년 10월 09일,0,0,56,2,0,6,1,3,80,0,2,5,3,8,196,4,62
2020년 10월 08일,0,0,56,2,0,6,1,3,80,0,2,4,3,8,196,4,62
2020년 10월 07일,0,0,56,2,0,6,1,3,79,0,2,4,3,8,196,4,61
2020년 10월 06일,0,0,56,2,0,6,1,3,77,0,2,4,3,8,195,4,61
2020년 10월 05일,0,0,56,2,0,6,1,3,77,0,2,4,3,8,195,4,61
2020년 10월 04일,0,0,56,2,0,6,1,3,77,0,2,4,3,8,195,4,60
2020년 10월 03일,0,0,56,2,0,6,1,3,77,0,2,4,3,8,195,4,59
2020년 10월 02일,0,0,56,2,0,6,1,3,75,0,2,4,3,8,195,4,57
2020년 10월 01일,0,0,56,2,0,6,1,3,74,0,2,4,3,8,195,4,57
2020년 09월 30일,0,0,56,2,0,6,1,3,74,0,2,4,3,8,194,4,56
2020년 09월 29일,0,0,55,1,0,5,1,3,73,0,2,4,3,8,194,4,54
2020년 09월 28일,0,0,55,1,0,5,1,3,72,0,2,4,3,8,194,4,54
2020년 09월 27일,0,0,55,1,0,4,1,3,70,0,2,3,3,8,194,4,53
2020년 09월 26일,0,0,55,0,0,4,1,3,69,0,2,3,3,8,194,4,53
2020년 09월 25일,0,0,55,0,0,3,1,3,68,0,2,3,3,8,193,4,52
2020년 09월 24일,0,0,55,0,0,3,1,3,68,0,2,3,3,8,193,4,50
2020년 09월 23일,0,0,55,0,0,2,1,3,65,0,2,3,3,8,193,4,49
2020년 09월 22일,0,0,55,0,0,2,1,3,65,0,2,3,3,8,193,4,49
2020년 09월 21일,0,0,55,0,0,2,1,3,63,0,2,3,3,8,193,4,48
2020년 09월 20일,0,0,55,0,0,2,1,3,62,0,2,3,3,8,193,4,47
2020년 09월 19일,0,0,55,0,0,2,1,3,59,0,2,3,3,8,192,4,46
2020년 09월 18일,0,0,55,0,0,2,1,3,59,0,1,3,3,8,192,4,46
2020년 09월 17일,0,0,55,0,0,2,1,3,58,0,1,3,3,7,192,4,43
2020년 09월 16일,0,0,54,0,0,2,1,3,56,0,1,3,3,6,192,4,42
2020년 09월 15일,0,0,54,0,0,2,1,3,56,0,1,3,3,6,192,4,42
2020년 09월 14일,0,0,54,0,0,2,1,3,56,0,1,3,3,5,191,4,40
2020년 09월 13일,0,0,54,0,0,2,1,3,55,0,1,3,3,3,191,4,38
2020년 09월 12일,0,0,54,0,0,2,1,3,55,0,1,3,3,3,191,4,35
2020년 09월 11일,0,0,54,0,0,1,1,3,53,0,1,3,2,3,191,4,34
2020년 09월 10일,0,0,54,0,0,1,1,3,51,0,1,3,2,3,191,4,32
2020년 09월 09일,0,0,54,0,0,1,1,3,49,0,1,3,2,3,191,4,32
2020년 09월 08일,0,0,54,0,0,1,1,3,46,0,1,3,2,3,191,4,32
2020년 09월 07일,0,0,54,0,0,1,1,3,45,0,1,3,2,3,191,4,28
2020년 09월 06일,0,0,54,0,0,1,1,3,45,0,1,3,2,3,191,4,26
2020년 09월 05일,0,0,54,0,0,1,1,3,45,0,1,3,2,3,191,4,25
2020년 09월 04일,0,0,54,0,0,1,1,3,44,0,1,3,2,3,191,4,24
2020년 09월 03일,0,0,54,0,0,1,1,3,42,0,1,3,2,3,191,4,24
2020년 09월 02일,0,0,54,0,0,1,1,3,41,0,1,2,2,3,191,3,24
2020년 09월 01일,0,0,54,0,0,1,1,3,40,0,1,2,2,3,191,3,23
2020년 08월 31일,0,0,54,0,0,1,1,3,40,0,1,2,2,3,191,3,23
2020년 08월 30일,0,0,54,0,0,1,1,3,40,0,1,2,2,3,191,3,22
2020년 08월 29일,0,0,54,0,0,1,1,3,40,0,1,2,2,3,191,3,20
2020년 08월 28일,0,0,54,0,0,1,1,3,36,0,1,2,2,3,191,3,19
2020년 08월 27일,0,0,54,0,0,1,1,3,35,0,1,2,2,3,191,3,17
2020년 08월 26일,0,0,54,0,0,1,1,3,34,0,1,2,2,3,191,3,17
2020년 08월 25일,0,0,54,0,0,1,1,3,33,0,1,2,2,3,191,3,16
2020년 08월 24일,0,0,54,0,0,1,0,3,33,0,1,2,2,3,191,3,16
2020년 08월 23일,0,0,54,0,0,1,0,3,33,0,1,2,2,3,191,3,16
2020년 08월 22일,0,0,54,0,0,1,0,3,33,0,1,2,2,3,191,3,16
2020년 08월 21일,0,0,54,0,0,1,0,3,33,0,1,2,2,3,191,3,16
2020년 08월 20일,0,0,54,0,0,1,0,3,32,0,1,2,2,3,191,3,15
2020년 08월 19일,0,0,54,0,0,1,0,3,32,0,1,2,2,3,191,3,14
2020년 08월 18일,0,0,54,0,0,1,0,3,32,0,1,2,2,3,191,3,14
2020년 08월 17일,0,0,54,0,0,1,0,3,32,0,1,2,2,3,191,3,13
2020년 08월 16일,0,0,54,0,0,1,0,3,32,0,1,2,2,3,191,3,13
2020년 08월 15일,0,0,54,0,0,1,0,3,32,0,1,2,2,3,191,3,13
2020년 08월 14일,0,0,54,0,0,1,0,3,32,0,1,2,2,3,191,3,13
2020년 08월 13일,0,0,54,0,0,1,0,3,32,0,1,2,2,3,191,3,13
2020년 08월 12일,0,0,54,0,0,1,0,3,32,0,1,2,2,3,191,3,13
2020년 08월 11일,0,0,54,0,0,1,0,3,32,0,1,2,2,3,191,3,13
2020년 08월 10일,0,0,54,0,0,1,0,3,32,0,1,2,2,3,191,3,13
2020년 08월 09일,0,0,54,0,0,1,0,3,32,0,1,2,2,3,191,3,13
2020년 08월 08일,0,0,54,0,0,1,0,3,32,0,1,2,2,2,191,3,13
2020년 08월 07일,0,0,54,0,0,1,0,3,31,0,1,2,2,2,191,3,13
2020년 08월 06일,0,0,54,0,0,1,0,3,31,0,1,2,2,2,191,3,12
2020년 08월 05일,0,0,54,0,0,1,0,3,31,0,1,2,2,2,191,3,12
2020년 08월 04일,0,0,54,0,0,1,0,3,31,0,1,2,2,2,191,3,11
2020년 08월 03일,0,0,54,0,0,1,0,3,31,0,1,2,2,2,191,3,11
2020년 08월 02일,0,0,54,0,0,1,0,3,31,0,1,2,2,2,191,3,11
2020년 08월 01일,0,0,54,0,0,1,0,3,31,0,1,2,2,2,191,3,11
2020년 07월 31일,0,0,54,0,0,1,0,3,31,0,1,2,2,2,191,3,11
2020년 07월 30일,0,0,54,0,0,1,0,3,30,0,1,2,2,2,191,3,11
2020년 07월 29일,0,0,54,0,0,1,0,3,30,0,1,2,2,2,191,3,11
2020년 07월 28일,0,0,54,0,0,1,0,3,30,0,1,2,2,2,191,3,11
2020년 07월 27일,0,0,54,0,0,1,0,3,29,0,1,2,2,2,191,3,11
2020년 07월 26일,0,0,54,0,0,0,0,3,29,0,1,2,2,2,191,3,11
2020년 07월 25일,0,0,54,0,0,0,0,3,29,0,1,2,2,2,191,3,11
2020년 07월 24일,0,0,54,0,0,0,0,3,29,0,1,2,2,2,191,3,11
2020년 07월 23일,0,0,54,0,0,0,0,3,29,0,1,2,2,2,190,3,11
2020년 07월 22일,0,0,54,0,0,0,0,3,29,0,1,2,2,2,190,3,11
2020년 07월 21일,0,0,54,0,0,0,0,3,29,0,1,2,2,2,190,3,10
2020년 07월 20일,0,0,54,0,0,0,0,3,29,0,1,2,2,2,190,3,10
2020년 07월 19일,0,0,54,0,0,0,0,3,29,0,1,2,1,2,190,3,10
2020년 07월 18일,0,0,54,0,0,0,0,3,29,0,1,2,1,2,190,3,9
2020년 07월 17일,0,0,54,0,0,0,0,3,29,0,1,2,1,2,189,3,9
2020년 07월 16일,0,0,54,0,0,0,0,3,28,0,1,2,0,2,189,3,9
2020년 07월 15일,0,0,54,0,0,0,0,3,26,0,1,2,0,2,189,3,9
2020년 07월 14일,0,0,54,0,0,0,0,3,26,0,1,2,0,2,189,3,9
2020년 07월 13일,0,0,54,0,0,0,0,3,26,0,1,2,0,2,189,3,9
2020년 07월 12일,0,0,54,0,0,0,0,3,26,0,1,2,0,2,189,3,9
2020년 07월 11일,0,0,54,0,0,0,0,3,25,0,1,2,0,2,189,3,9
2020년 07월 10일,0,0,54,0,0,0,0,3,25,0,1,2,0,2,189,3,9
2020년 07월 09일,0,0,54,0,0,0,0,3,25,0,1,2,0,1,189,3,9
2020년 07월 08일,0,0,54,0,0,0,0,3,24,0,1,2,0,1,189,3,8
2020년 07월 07일,0,0,54,0,0,0,0,3,24,0,1,2,0,1,189,3,8
2020년 07월 06일,0,0,54,0,0,0,0,3,23,0,1,2,0,1,189,3,8
2020년 07월 05일,0,0,54,0,0,0,0,3,23,0,1,1,0,1,189,3,8
2020년 07월 04일,0,0,54,0,0,0,0,3,23,0,1,1,0,1,189,3,8
2020년 07월 03일,0,0,54,0,0,0,0,3,23,0,1,1,0,1,189,3,7
2020년 07월 02일,0,0,54,0,0,0,0,3,23,0,1,1,0,1,189,3,7
2020년 07월 01일,0,0,54,0,0,0,0,3,23,0,1,1,0,1,189,3,7
2020년 06월 30일,0,0,54,0,0,0,0,3,23,0,1,1,0,1,189,3,7
2020년 06월 29일,0,0,54,0,0,0,0,3,23,0,1,1,0,1,189,3,7
2020년 06월 28일,0,0,54,0,0,0,0,3,23,0,1,1,0,1,189,3,7
2020년 06월 27일,0,0,54,0,0,0,0,3,23,0,1,1,0,1,189,3,7
2020년 06월 26일,0,0,54,0,0,0,0,3,23,0,1,1,0,1,189,3,7
2020년 06월 25일,0,0,54,0,0,0,0,3,23,0,1,1,0,1,189,3,7
2020년 06월 24일,0,0,54,0,0,0,0,3,23,0,1,1,0,1,189,3,6
2020년 06월 23일,0,0,54,0,0,0,0,3,23,0,1,1,0,1,189,3,6
2020년 06월 22일,0,0,54,0,0,0,0,3,22,0,1,1,0,1,189,3,6
2020년 06월 21일,0,0,54,0,0,0,0,3,22,0,1,1,0,1,189,3,6
2020년 06월 20일,0,0,54,0,0,0,0,3,22,0,1,1,0,1,189,3,6
2020년 06월 19일,0,0,54,0,0,0,0,3,22,0,1,1,0,1,189,3,6
2020년 06월 18일,0,0,54,0,0,0,0,3,22,0,1,1,0,1,189,3,6
2020년 06월 17일,0,0,54,0,0,0,0,3,22,0,1,1,0,1,189,3,5
2020년 06월 16일,0,0,54,0,0,0,0,3,22,0,1,1,0,1,189,3,4
2020년 06월 15일,0,0,54,0,0,0,0,3,22,0,1,1,0,0,189,3,4
2020년 06월 14일,0,0,54,0,0,0,0,3,22,0,1,1,0,0,189,3,4
2020년 06월 13일,0,0,54,0,0,0,0,3,22,0,1,1,0,0,189,3,4
2020년 06월 12일,0,0,54,0,0,0,0,3,22,0,1,1,0,0,189,3,4
2020년 06월 11일,0,0,54,0,0,0,0,3,22,0,1,1,0,0,188,3,4
2020년 06월 10일,0,0,54,0,0,0,0,3,22,0,1,1,0,0,188,3,4
2020년 06월 09일,0,0,54,0,0,0,0,3,20,0,1,1,0,0,188,3,4
2020년 06월 08일,0,0,54,0,0,0,0,3,19,0,1,1,0,0,188,3,4
2020년 06월 07일,0,0,54,0,0,0,0,3,19,0,1,1,0,0,188,3,4
2020년 06월 06일,0,0,54,0,0,0,0,3,19,0,1,1,0,0,188,3,4
2020년 06월 05일,0,0,54,0,0,0,0,3,19,0,1,1,0,0,188,3,4
2020년 06월 04일,0,0,54,0,0,0,0,3,19,0,1,1,0,0,188,3,4
2020년 06월 03일,0,0,54,0,0,0,0,3,19,0,1,1,0,0,188,3,4
2020년 06월 02일,0,0,54,0,0,0,0,3,19,0,1,1,0,0,187,3,4
2020년 06월 01일,0,0,54,0,0,0,0,3,19,0,1,1,0,0,186,3,4
2020년 05월 31일,0,0,54,0,0,0,0,3,19,0,1,1,0,0,185,3,4
2020년 05월 30일,0,0,54,0,0,0,0,3,19,0,1,1,0,0,184,3,4
2020년 05월 29일,0,0,54,0,0,0,0,3,19,0,1,1,0,0,184,3,4
2020년 05월 28일,0,0,54,0,0,0,0,3,19,0,1,1,0,0,184,3,4
2020년 05월 27일,0,0,54,0,0,0,0,3,19,0,1,1,0,0,184,3,4
2020년 05월 26일,0,0,54,0,0,0,0,3,19,0,1,1,0,0,184,3,4
2020년 05월 25일,0,0,54,0,0,0,0,2,19,0,1,1,0,0,183,3,4
2020년 05월 24일,0,0,54,0,0,0,0,2,18,0,1,1,0,0,183,3,4
2020년 05월 23일,0,0,54,0,0,0,0,2,18,0,1,1,0,0,183,3,4
2020년 05월 22일,0,0,54,0,0,0,0,2,17,0,1,1,0,0,182,3,4
2020년 05월 21일,0,0,54,0,0,0,0,2,17,0,1,1,0,0,182,3,4
2020년 05월 20일,0,0,54,0,0,0,0,2,16,0,1,1,0,0,182,3,4
2020년 05월 19일,0,0,54,0,0,0,0,2,16,0,1,1,0,0,182,3,4
2020년 05월 18일,0,0,54,0,0,0,0,2,16,0,1,1,0,0,182,3,4
2020년 05월 17일,0,0,54,0,0,0,0,2,16,0,1,1,0,0,181,3,4
2020년 05월 16일,0,0,54,0,0,0,0,2,16,0,1,1,0,0,181,3,4
2020년 05월 15일,0,0,54,0,0,0,0,2,16,0,1,1,0,0,179,3,4
2020년 05월 14일,0,0,54,0,0,0,0,2,16,0,1,1,0,0,179,3,4
2020년 05월 13일,0,0,54,0,0,0,0,2,16,0,1,1,0,0,179,3,3
2020년 05월 12일,0,0,54,0,0,0,0,2,16,0,1,1,0,0,179,3,2
2020년 05월 11일,0,0,53,0,0,0,0,2,16,0,1,1,0,0,178,3,2
2020년 05월 10일,0,0,53,0,0,0,0,2,16,0,1,1,0,0,178,3,2
2020년 05월 09일,0,0,53,0,0,0,0,2,16,0,1,1,0,0,178,3,2
2020년 05월 08일,0,0,53,0,0,0,0,2,16,0,1,1,0,0,178,3,2
2020년 05월 07일,0,0,53,0,0,0,0,2,16,0,1,1,0,0,178,3,2
2020년 05월 06일,0,0,53,0,0,0,0,2,16,0,1,1,0,0,177,3,2
2020년 05월 05일,0,0,53,0,0,0,0,2,16,0,1,1,0,0,176,3,2
2020년 05월 04일,0,0,53,0,0,0,0,2,16,0,1,1,0,0,174,3,2
2020년 05월 03일,0,0,52,0,0,0,0,2,16,0,1,0,0,0,174,3,2
2020년 05월 02일,0,0,52,0,0,0,0,2,16,0,1,0,0,0,174,3,2
2020년 05월 01일,0,0,52,0,0,0,0,2,16,0,1,0,0,0,172,3,2
2020년 04월 30일,0,0,52,0,0,0,0,2,15,0,1,0,0,0,172,3,2
2020년 04월 29일,0,0,52,0,0,0,0,2,15,0,1,0,0,0,171,3,2
2020년 04월 28일,0,0,52,0,0,0,0,2,14,0,1,0,0,0,170,3,2
2020년 04월 27일,0,0,52,0,0,0,0,2,14,0,1,0,0,0,169,3,2
2020년 04월 26일,0,0,52,0,0,0,0,2,14,0,1,0,0,0,168,3,2
2020년 04월 25일,0,0,52,0,0,0,0,2,14,0,1,0,0,0,166,3,2
2020년 04월 24일,0,0,52,0,0,0,0,2,14,0,1,0,0,0,166,3,2
2020년 04월 23일,0,0,52,0,0,0,0,2,14,0,1,0,0,0,166,3,2
2020년 04월 22일,0,0,51,0,0,0,0,2,14,0,1,0,0,0,165,3,2
2020년 04월 21일,0,0,51,0,0,0,0,2,14,0,1,0,0,0,164,3,2
2020년 04월 20일,0,0,51,0,0,0,0,2,14,0,1,0,0,0,163,3,2
2020년 04월 19일,0,0,51,0,0,0,0,2,14,0,1,0,0,0,161,3,2
2020년 04월 18일,0,0,51,0,0,0,0,1,14,0,1,0,0,0,160,3,2
2020년 04월 17일,0,0,50,0,0,0,0,1,14,0,1,0,0,0,159,3,2
2020년 04월 16일,0,0,50,0,0,0,0,1,14,0,1,0,0,0,158,3,2
2020년 04월 15일,0,0,50,0,0,0,0,1,13,0,1,0,0,0,155,3,2
2020년 04월 14일,0,0,50,0,0,0,0,1,13,0,1,0,0,0,152,3,2
2020년 04월 13일,0,0,50,0,0,0,0,1,13,0,1,0,0,0,147,3,2
2020년 04월 12일,0,0,49,0,0,0,0,1,12,0,1,0,0,0,146,3,2
2020년 04월 11일,0,0,48,0,0,0,0,1,11,0,1,0,0,0,145,3,2
2020년 04월 10일,0,0,48,0,0,0,0,1,11,0,1,0,0,0,142,3,2
2020년 04월 09일,0,0,47,0,0,0,0,1,11,0,1,0,0,0,139,3,2
2020년 04월 08일,0,0,46,0,0,0,0,1,10,0,1,0,0,0,137,3,2
2020년 04월 07일,0,0,46,0,0,0,0,1,7,0,1,0,0,0,134,3,0
2020년 04월 06일,0,0,45,0,0,0,0,1,7,0,1,0,0,0,129,3,0
2020년 04월 05일,0,0,44,0,0,0,0,1,7,0,1,0,0,0,127,3,0
2020년 04월 04일,0,0,44,0,0,0,0,1,6,0,1,0,0,0,122,3,0
2020년 04월 03일,0,0,42,0,0,0,0,1,6,0,1,0,0,0,121,3,0
2020년 04월 02일,0,0,41,0,0,0,0,1,6,0,1,0,0,0,117,3,0
2020년 04월 01일,0,0,39,0,0,0,0,1,6,0,1,0,0,0,115,3,0
2020년 03월 31일,0,0,38,0,0,0,0,1,6,0,0,0,0,0,114,3,0
2020년 03월 30일,0,0,38,0,0,0,0,1,5,0,0,0,0,0,111,3,0
2020년 03월 29일,0,0,37,0,0,0,0,1,5,0,0,0,0,0,106,3,0
2020년 03월 28일,0,0,35,0,0,0,0,1,5,0,0,0,0,0,101,2,0
2020년 03월 27일,0,0,34,0,0,0,0,1,4,0,0,0,0,0,98,2,0
2020년 03월 26일,0,0,30,0,0,0,0,1,4,0,0,0,0,0,94,2,0
2020년 03월 25일,0,0,28,0,0,0,0,1,4,0,0,0,0,0,92,1,0
2020년 03월 24일,0,0,26,0,0,0,0,1,4,0,0,0,0,0,88,1,0
2020년 03월 23일,0,0,24,0,0,0,0,1,3,0,0,0,0,0,82,1,0
2020년 03월 22일,0,0,24,0,0,0,0,1,3,0,0,0,0,0,75,1,0
2020년 03월 21일,0,0,24,0,0,0,0,1,3,0,0,0,0,0,73,1,0
2020년 03월 20일,0,0,22,0,0,0,0,1,3,0,0,0,0,0,67,1,0
2020년 03월 19일,0,0,21,0,0,0,0,1,3,0,0,0,0,0,65,1,0
2020년 03월 18일,0,0,21,0,0,0,0,1,3,0,0,0,0,0,58,1,0
2020년 03월 17일,0,0,19,0,0,0,0,1,3,0,0,0,0,0,57,1,0
2020년 03월 16일,0,0,17,0,0,0,0,1,3,0,0,0,0,0,53,1,0
2020년 03월 15일,0,0,17,0,0,0,0,1,3,0,0,0,0,0,53,1,0
2020년 03월 14일,0,0,17,0,0,0,0,1,3,0,0,0,0,0,51,0,0
2020년 03월 13일,0,0,16,0,0,0,0,1,2,0,0,0,0,0,48,0,0
2020년 03월 12일,0,0,16,0,0,0,0,1,1,0,0,0,0,0,48,0,0
2020년 03월 11일,0,0,14,0,0,0,0,1,1,0,0,0,0,0,44,0,0
2020년 03월 10일,0,0,14,0,0,0,0,1,1,0,0,0,0,0,38,0,0
2020년 03월 09일,0,0,14,0,0,0,0,1,1,0,0,0,0,0,35,0,0
2020년 03월 08일,0,0,13,0,0,0,0,1,1,0,0,0,0,0,35,0,0
2020년 03월 07일,0,0,11,0,0,0,0,1,1,0,0,0,0,0,31,0,0
2020년 03월 06일,0,0,11,0,0,0,0,0,1,0,0,0,0,0,30,0,0
2020년 03월 05일,0,0,7,0,0,0,0,0,1,0,0,0,0,0,27,0,0
2020년 03월 04일,0,0,7,0,0,0,0,0,1,0,0,0,0,0,24,0,0
2020년 03월 03일,0,0,7,0,0,0,0,0,1,0,0,0,0,0,20,0,0
2020년 03월 02일,0,0,7,0,0,0,0,0,1,0,0,0,0,0,15,0,0
2020년 03월 01일,0,0,7,0,0,0,0,0,1,0,0,0,0,0,9,0,0
2020년 02월 29일,0,0,7,0,0,0,0,0,1,0,0,0,0,0,8,0,0
2020년 02월 28일,0,0,7,0,0,0,0,0,1,0,0,0,0,0,5,0,0
2020년 02월 27일,0,0,7,0,0,0,0,0,1,0,0,0,0,0,4,0,0
2020년 02월 26일,0,0,7,0,0,0,0,0,1,0,0,0,0,0,3,0,0
2020년 02월 25일,0,0,6,0,0,0,0,0,0,0,0,0,0,0,2,0,0
2020년 02월 24일,0,0,6,0,0,0,0,0,0,0,0,0,0,0,1,0,0
2020년 02월 23일,0,0,3,0,0,0,0,0,0,0,0,0,0,0,0,0,0
2020년 02월 22일,0,0,3,0,0,0,0,0,0,0,0,0,0,0,0,0,0
2020년 02월 21일,0,0,1,0,0,0,0,0,0,0,0,0,0,0,0,0,0
2020년 02월 20일,0,0,1,0,0,0,0,0,0,0,0,0,0,0,0,0,0
2020년 02월 19일,0,0,0,0,0,0,0,0,0,0,0,0,0,0,0,0,0
2020년 02월 18일,0,0,0,0,0,0,0,0,0,0,0,0,0,0,0,0,0
2020년 02월 17일,0,0,0,0,0,0,0,0,0,0,0,0,0,0,0,0,0
2020년 02월 16일,0,0,0,0,0,0,0,0,0,0,0,0,0,0,0,0,0
2020년 02월 15일,0,0,0,0,0,0,0,0,0,0,0,0,0,0,0,0,0
2020년 02월 14일,0,0,0,0,0,0,0,0,0,0,0,0,0,0,0,0,0
2020년 02월 13일,0,0,0,0,0,0,0,0,0,0,0,0,0,0,0,0,0
2020년 02월 12일,0,0,0,0,0,0,0,0,0,0,0,0,0,0,0,0,0
2020년 02월 11일,0,0,0,0,0,0,0,0,0,0,0,0,0,0,0,0,0
2020년 02월 10일,0,0,0,0,0,0,0,0,0,0,0,0,0,0,0,0,0
2020년 02월 09일,0,0,0,0,0,0,0,0,0,0,0,0,0,0,0,0,0
2020년 02월 08일,0,0,0,0,0,0,0,0,0,0,0,0,0,0,0,0,0
2020년 02월 07일,0,0,0,0,0,0,0,0,0,0,0,0,0,0,0,0,0
2020년 02월 06일,0,0,0,0,0,0,0,0,0,0,0,0,0,0,0,0,0
2020년 02월 05일,0,0,0,0,0,0,0,0,0,0,0,0,0,0,0,0,0
2020년 02월 04일,0,0,0,0,0,0,0,0,0,0,0,0,0,0,0,0,0
2020년 02월 03일,0,0,0,0,0,0,0,0,0,0,0,0,0,0,0,0,0
2020년 02월 02일,0,0,0,0,0,0,0,0,0,0,0,0,0,0,0,0,0
2020년 02월 01일,0,0,0,0,0,0,0,0,0,0,0,0,0,0,0,0,0
2020년 01월 31일,0,0,0,0,0,0,0,0,0,0,0,0,0,0,0,0,0
2020년 01월 30일,0,0,0,0,0,0,0,0,0,0,0,0,0,0,0,0,0
2020년 01월 29일,0,0,0,0,0,0,0,0,0,0,0,0,0,0,0,0,0
2020년 01월 28일,0,0,0,0,0,0,0,0,0,0,0,0,0,0,0,0,0
2020년 01월 27일,0,0,0,0,0,0,0,0,0,0,0,0,0,0,0,0,0
2020년 01월 26일,0,0,0,0,0,0,0,0,0,0,0,0,0,0,0,0,0
2020년 01월 25일,0,0,0,0,0,0,0,0,0,0,0,0,0,0,0,0,0
2020년 01월 24일,0,0,0,0,0,0,0,0,0,0,0,0,0,0,0,0,0
2020년 01월 23일,0,0,0,0,0,0,0,0,0,0,0,0,0,0,0,0,0
2020년 01월 22일,0,0,0,0,0,0,0,0,0,0,0,0,0,0,0,0,0
2020년 01월 21일,0,0,0,0,0,0,0,0,0,0,0,0,0,0,0,0,0
2020년 01월 20일,0,0,0,0,0,0,0,0,0,0,0,0,0,0,0,0,0
